,id,title,author,day,genre,story,serial,platform
0,0,바른쀼생활,윤박,"월, 일",일상,"원룸에서 츄리닝 차림으로 한 프러포즈, 그리고 결혼..? 스물일곱 동갑내기의 바른 ? 부부생활! 철없는 남편, 그런 그를 거친 생각과 불안한 눈빛으로 지켜보는 아내님! 두 사람의 요절복통 신혼일기, 바른쀼생활 !",O,레진코믹스
1,1,이토록 다채로운 핏빛,므앵갱,월,판타지,"피의 색으로 모든 것이 나뉘는 세상. 순수한 색일수록 높은 신분을, 섞이고 섞여 혼탁한 색일수록 낮은 신분을 지닌 채 살아가는 인간들 앞에 어느 날 흡색 이라는 무시무시한 존재가 나타난다. 아무 색도 없는 흡색들은 닥치는 대로 인간의 피를 탐하고, 이에 대항할 수 있는 것은 오직 빛눈의 은덕 을 입은 사람들뿐. 바로 그 빛눈의 은덕 이 어느 보잘것없던 소녀 시르에게 찾아오게 되는데...! 어둠이 스러지는 꽃 삼작미인가 므앵갱 작가의 신작!",O,레진코믹스
2,2,아스란히,포카,월,BL,"전쟁 중에 화살을 맞은 주인공 휘운 은 자신의 죽음 앞에서 좌절하는 소하 를 남겨두고 눈을 감는다. 그러나 죽은 줄만 알았던 휘운은 완전히 다른 몸으로 다른 장소에서 눈을 뜨고, 혼란스러워하는 그의 앞에 도깨비 하랑 이 나타난다. 그를 따라 찾아간 도깨비 마을에서 낯선 환경에 적응해 가던 휘운은 급기야 도깨비 왕 을 만나게 되는데...!",X,레진코믹스
3,3,사랑이라 생각하지 않아,스미야 제니코,월,BL,"토오노는 언제부턴가 소꿉친구인 이즈미가 자신에게만 보여주는 웃는 얼굴에 두근거리기 시작했다. 사랑은 아닐거야 라며 스스로를 속여보지만, 후배인 사쿠라바에게 속마음을 들키고 마는데...? 순수한 짝사랑을 사랑스럽게 풀어낸 청춘 !",O,레진코믹스
4,4,바퀴멘터리,박바퀴,"월, 화, 수, 목, 금",일상,제가 이러고 삽니다.,O,레진코믹스
5,5,BJ 알렉스[개정판],밍과,월,BL,해당 작품은 알렉스 성인 버전의 일부 장면을 수정한 개정판입니다. 방송 전문 알렉스에게 푹 빠진 진성팬 남동균은 그의 방송을 보며 홀로 그와 함께하는 상상을 하곤 하는데... 어느 날 인기 많은 엘리트 학생회장 안지원에게서 알렉스와 똑같은 나비 무늬 반점을 발견한다면?? 상상이 현실로 이루어질 수 있을까?,O,레진코믹스
6,6,모모세 헬프!!,성원,월,판타지,"단 하나 남은 가족인 남동생마저 불의의 사고로 떠난 후, 그녀는 죽고 싶어도 죽지 못하는 신세가 돼버렸다. 17세 고등학생 모모세, 그녀에게 붙은 수호천사는 축복, 아니면 저주? 그러던 어느 날 모모세는 동네 전단지에서 수상쩍은 단어를 발견한다. 그것은 바로 심.령.사.무.소 데일리 위치 성원 작가 신작!",O,레진코믹스
7,7,사람의 사이로,김보통,월,드라마,사람의 눈에 띄지않게 숨어 살아가던 요괴 가족. 그러나 40년 전의 한 사건을 계기로 사람들 속에서 사람인척 살아가기로 마음 먹는다. 그렇게 시작된 순박한 요괴 가족의 애잔한 사람살이.,X,레진코믹스
8,8,커튼콜 아래그랑,바싹탄숯,월,판타지,"신의 능력 커튼콜 을 가진 사설 심부름꾼 비기난, 책을 먹으며 식신을 다루는 지식인 스콘, 말괄량이 의사 콜롬보, 상냥하고 잔혹한 악마 이오나들의 모험과 배후에 숨겨진 천사와 악마의 음모가 장대하게 펼쳐지는 판타지 대 서사시!",O,레진코믹스
9,9,시트러스,사부로우타,월,백합,"외모는 영락없이 노는 여고생이지만 한 번도 사랑을 해본 적 없는 유즈는, 부모님의 재혼으로 전학가게 된다.남자친구가 안 생겨! 하고 불만이 폭발한 전학 첫날, 검은 머리 미인인 학생회장 메이와 최악의 방식으로 만나게 된다. 그후 우연히 메이와 훈남 담임선생님의 키스 장면을 목격하고 마음과는 반대로 그 장면을 머리에서 지울 수 없는 유즈. 게다가 학생회장과 의자매가 되어 같은 방에서 생활하게 되는데 ?! 정반대인 두 여고생이 서로에게 반발하면서도 이끌린다. 자매의 , 시작!",O,레진코믹스
10,10,러브 포엠,해연,월,BL,"잘생긴 외모, 재벌 2세 막내 도련님, 유명 시인. 누구라도 사랑할 수밖에 없는 남자, 태은 시인 은 처음으로 자신에게 차가운 연우 만화가 를 만나게 되어 난생처음으로 누군가에게 사랑 받기 위해 노력한다.",O,레진코믹스
11,11,사랑은 개싸움!,JOY,월,로맨스,좋아하는 것을 위해서는 개싸움 ? 을 불사해야만 할 때도 있는 법! 솔로 아이돌 가수 록시 의 열성적인 팬 류미나 . 록시의 라이벌 격 존재인 별이 의 열렬한 팬 진영 . 두 사람의 개싸움의 행방은 과연 어디로 향할 것인가!?,O,레진코믹스
12,12,꼴데툰 2021,샤다라빠,"월, 수, 목, 금, 토, 일",개그,"지난 몇 년 간 꿇었던 건 추신수 아니 추진력을 얻기 위함이었다! 보고 있는가, 추신수.. 여기 자네보다 뛰어난 인재가 있네. 무려 둘이나.. 투타를 책임질 김진욱과 나승엽은 꼴데의 환장 대모험 ? 을 아름다운 역사로 바꿔줄 것인가..! 올해도 주6회 등판하는 웹툰계 슈퍼 세이브 야구만화!",X,레진코믹스
13,13,안나 이야기,김지효,월,로맨스,안나는 대장간에서 검 만드는 일을 한다. 어느 날 단골 손님인 알렉스를 숲속 도적떼로부터 구한 이후 그녀의 평범한 일상이 깨지게 되는데 !,O,레진코믹스
14,14,주먹꾹,캐너피,"월, 금",일상,"집사의, 집사에 의한, 집사를 위한 냥냥이들의 행복 전도 만화!!! 볼을 꾹 배를 꾹 젤리를 꾹 잡고 부비부비하고 싶어지는 고양이들을 보며 행복해지는 기분을 느껴보세요! 너무 귀여워서 보다가 몸이 베베 꼬일 수 있습니다.",O,레진코믹스
15,15,구경하는 들러리양,윰윰,화,로맨스,"깨어나보니 내가 가장 좋아하는 소설 속에 들어와 버렸다! 그런데 주인공도 악역도 아닌 눈물 나는 분량의 들러리 라고? 현실에 치여사는 스물 다섯 학원 강사 김혜정! 그런데 즐겨 읽던 소설 세계로 떨어져 소설 속 인물 라테 엑트리 가 된다. 그런데 기왕 들어오게 해 준거 소설 속 미남들과 썸 좀 타는 주인공이 되게 해주지. 여주인공을 괴롭히다 털릴 예정의 조연 라테 엑트리가 되어버리다니! 에휴 그러면 그렇지 내 팔자야. 그래, 기왕 이렇게 된 거 열심히 구경이나 하자! 어차피 소설 보는 재미로 살아왔던 인생! 소설이 눈앞에서 실현된다는데 어찌 마다하겠는가! 팝콘이나 먹으며 구경하지 뭐. 와작! 그런데 조연이었던 라테는 오히려 소설 속에서 자신의 존재감을 점점 내보이게 되는데 ? 소설 속의 들러리양의 파란만장한 구경기가 시작된다!",O,레진코믹스
16,16,오타쿠에게 사랑은 어려워,후지타,화,로맨스,"나루미는 매번 오타쿠라는 이유로 차이고, 그럴 때마다 게임 오타쿠인 히로타카에게 하소연한다. 사귀는 게 아까울 정도로 죽이 잘 맞던 두 사람, 둘의 관계에 변화가 일어나는데! 나라면 아이템 수집이든 렙업이든 얼마든지 같이 해줄거고, 야근해도 기다려 줄거고, 실망시키지도 울리지도 않을 거야. 일본 초인기 연재작 레진 독점 선공개",O,레진코믹스
17,17,안티피티[개정판],이지피,화,BL,해당 작품은 안티피티 성인 버전의 일부 장면을 수정한 개정판입니다. 내 인생은 언젠가 이 때문에 망할거야. 대기업의 촉망받는 엘리트사원 이파람. 그의 최대 약점은 때와 장소를 가리지 않고 쉽게 흥분해버린다는 것. 심지어 몸 좋고 성격 좋은 상사한테 반해서 회사생활이 쉽지만은 않은데.. 어쩌다 사내 피트니스센터의 트레이너한테 잘못 걸려 까지 받게 되다니! 아무도 없는 심야에 시작되는 그들만의 수업. ...이거 정말 맞나요?,O,레진코믹스
18,18,인시크릿[개정판],이파도,화,BL,"해당 작품은 인시크릿 성인 버전의 일부 장면을 수정한 개정판입니다. 회사의 골칫거리였던 인시크릿 멤버 박도진, 그를 유일하게 컨트롤 할 수 있는 멤버 최유원! 두 사람은 나름대로 원만한 팀메이트 관계를 유지하고 있었다. 그날 박도진이 그런 실수를 하기 전까지는",O,레진코믹스
19,19,연화,스튜디오 열일 / 스튜디오 질풍,화,로맨스,고려시대를 배경으로 가상의 이야기를 결합한 퓨전 사극로맨스. 아버지의 복수를 위해 왕을 죽이려는 여자와 그녀를 사랑한 왕의 이야기,X,레진코믹스
20,20,미성년,히눈,화,BL,공부밖에 모르는 모범생 진혁과 일진들 중심에 서있는 임희찬. 진혁은 반 분위기를 흐리는 희찬 무리가 거슬린다. 앞으로 그들을 계속 무시하면서 지내겠다고 다짐을 하지만 하굣길에 희찬이 그의 아버지에게 맞고 있는 장면을 목격하고 마는데 전혀 어울리지 않을 것 같은 두 사람의 관계는 가까워질 수 있을까?,O,레진코믹스
21,21,레그널 트리거,kalma,화,판타지,트레비엔 제국의 채굴장에서 10년간 강제 노역을 한 아렌과 토아. 아렌은 쌍둥이 동생 토아와 함께 그곳을 탈출하려는 계획을 세우지만 토아는 스스로 목숨을 끊어버리고 만다. 자신의 삶에 유일한 희망이었던 토아가 죽자 아렌 또한 스스로 목숨을 끊으려고 한다. 그 순간 나타난 수수께끼의 인물 디드 가 나타난다. 디드는 토아를 되살릴 수 있는 방법이 있다며 자신과 계약을 하자고 하는데 ?,O,레진코믹스
22,22,조만국박람회,조만국,"화, 금",일상,"조만국 일상툰 하겠습니다. 오 조만국 하지만 제 일상은 비밀입니다. ? 조만국 저는 여러분께 제 일상을 공유할 생각이 없습니다. ?!! 원고를 읽고 킹받은 담당 가 퇴사까지 고민하게 만든, 조만국 작가의 신비주의 일상툰!",O,레진코믹스
23,23,용의 아들 최창식,임인스,화,개그,임인스 작가의 용의 아들 최창식 이 레진에 도착했다! 전직 촌장! 현직 용사?! 강력한 마력에 선택 받은 자가 아니면 미동도 일으킬 수 없다는 전설의 검! 그 전설의 검을 노인 최창식이 뽑아 버리고 마는데?!,X,레진코믹스
24,24,그렇게 내가 싫다면[개정판],파고,화,BL,해당 작품은 그렇게 내가 싫다면 성인 버전의 일부 장면을 수정한 개정판입니다. 아웃사이더 복학생 민재는 우연히 과방에서 자고 있는 조교 진한을 몰래 훔쳐보는 후배 형조를 목격한다. 그날 이후 민재는 형조에게 정신적 육체적으로 시달리게 되는데... 서로 싫어하지만 왠지 모르게 끌리는 두 사람. 이들의 관계는 과연 어떻게 될 것인지?,O,레진코믹스
25,25,러브 오어 헤이트[개정판],박담 / 영하,화,BL,"해당 작품은 러브 오어 헤이트 성인 버전의 일부 장면을 수정한 개정판입니다. 부모님의 재혼으로 만나 해서는 안되는 관계를 이어가던 해수와 주원.반복되는 이별과 만남, 다툼과 잠자리 속 무감각해져버린 둘 사이에 태경이 파고들면서 변화는 시작된다.",O,레진코믹스
26,26,나의 수하[개정판],차현,화,BL,"해당 작품은 나의 수하 성인 버전의 일부 장면을 수정한 개정판입니다. 낮에는 유능한 비서 로, 밤에는 유능한 남자 로 이중생활을 즐기는 수하. 칼퇴 후 게이바에서 상대를 거절하고 나오는 순간 문 앞에서 누군가와 부딪히는데 . 몸에 집 한 채는 걸치고 다니는 이 남자... 박지운...이사님?!",O,레진코믹스
27,27,울프 인더 하우스[개정판],박지연,화,BL,해당 작품은 울프 인더 하우스 성인 버전의 일부 장면을 수정한 개정판입니다. 마지못해 사귀어왔던 애인과의 뻔한 이별. 후련한 마음으로 삶의 전환점을 찾던 민석은 대형견 백산이를 임시로 보호하게 된다. 구질구질 구남친 대신 귀여운 멍멍이와 함께 자유를 만끽할 줄 알았는데... 생각보다 많이 엉뚱한 존재가 삶에 들어와버렸다!,O,레진코믹스
28,28,노라줘요 -우리 집 웰시코기 이야기-,라쿠다,화,일상,"역대급으로 귀여운 반려동물 웹툰 탄생!! 아장아장 짧은 다리, 오동통한 엉덩이, 귀여운 미소를 가진 웰시코기 개를 키워 본 이들이라면 모두 공감할 만한 에피소드로 무장한, 읽는 즉시 입꼬리 , 광대승천 보장 애견인의 필수웹툰 일본 트위터 화제의 작품이 드디어 한국 연재 시작!! 본 작품은 1 3화는 컬러 특별판으로 제작되었으며, 그 후에는 부분 컬러, 흑백으로 구성된 작품입니다.",O,레진코믹스
29,29,4컷용사,고지라군,화,판타지,마왕을 해치운 용사는 드디어 공주를 구하고 새 삶을 찾는다. 하지만 공주와의 달콤한 미래는 상상으로 끝나버리고... 마왕 격퇴 이후 평범백수로 전락한 용사의 구차한 일상. 고지라군 작가님의 화제작 4컷용사가 리메이크로 찾아왔다!,O,레진코믹스
30,30,잘 자 내 꿈 꿔,이이런,화,미스터리,"빠알간 창, 교실 복도, 몸을 옭아매던 수십 개의 손가락. 그 소름 끼치던 꿈속은 나의 꿈이 아니었다. 평범한 학생이었던 성하는 겉돌던 같은 반 친구, 이수의 악몽 속에서 깬 이후로 다른 사람들의 꿈이 보이기 시작하는데... 불편한 진실 이이런 작가가 보내드리는 누구나 일어날 수 있는 기묘하고도 흡입력 강한 두 번째 이야기.",O,레진코믹스
31,31,"시선 끝, 30도",소보로 / 여로,화,BL,도진에게 연우는 그저 특이한 애였다. 그러나 언젠가부터 도진의 시선은 연우를 쫓고 있었다. 도진은 어째서 그 애에게 시선을 뗄 수 없는 걸까? 그리고 도진이 느끼는 그 감정은 대체 무엇일까?,O,레진코믹스
32,32,신데렐라 리미트,깨알,화,로맨스,"12시가 울리면 다림의 성별이 변한다!? 이런 상황에서도 그녀는 태후를 도저히 포기할 수가 없다. 그런데 잠깐, 여자 모습으로 공략이 안되면...남자 모습이 있잖아? 본격 이중공략 로맨스 신데렐라 리미트 !",O,레진코믹스
33,33,보름달 식당,김보통,"화, 목",드라마,오늘도 지친 당신에게 필요한 건? 맛있는 밥 한 그릇을 들고 오늘도 보름달식당이 찾아갑니다.,O,레진코믹스
34,34,LOVE WINS,목도리,수,백합,레진챌린지에서 독자들의 정신이 아찔해지게 웃기고 설ㅤㄹㅔㅆ던 선 결혼 후 연애 로맨스!! 동성혼 합법화 소식에 들떠 번개에 나간 모쏠 레즈 이다연. 술에 취해 모르는 여자와 혼인신고를 해버렸다....!?,O,레진코믹스
35,35,피장파장의 오류,나뭇,수,BL,흑역사를 나눈 초등학교 동창의 인연. 성인이 된 후 룸메이트로 만났다? 피장파장 일상의 연속. 과연 사랑도 피장파장이 될 수 있을까..? 이 작품은 사람들과의 관계에 있어 성별에 따른 편견이 없는 세상입니다.,O,레진코믹스
36,36,왓치가이,ASURA / 마사토끼,수,드라마,시간의 왜곡을 감지할 수 있는 소년 성운협은 시간을 멈출 수 있는 소녀 정은하와의 만남으로 인해 시간능력의 본질과 그 능력의 소유자들의 존재에 대해 파고들게 된다. 그러던 중 시간능력이 십수 년 전에 일어난 어떤 사건과 깊숙이 연결되어 있다는 사실을 알게 되는데...,X,레진코믹스
37,37,풀스 리마스터,박담 / 영하,수,BL,"남과 엮이지 않으며 무난한 대학 생활을 해 오던 은기. 어느 날 우연히 마주한 후배 정우의 비밀. 잊으면 그만인데 왜 이렇게 신경이 쓰일까? 러브 오어 헤이트 로 최고 인기를 누리는 영하, 박담 작가의 숨은 명작이 컬러풀한 모습으로 새단장했다!",X,레진코믹스
38,38,니 친구 김저키,김저키,수,일상,악마에게 항문을 판 블록버스터 일상툰,O,레진코믹스
39,39,살맛 : 전생에 나라를 구했습니다[개정판],스튜디오 스텔라즈,수,로맨스,"해당 작품은 살맛 전생에 나라를 구했습니다 성인 버전의 일부 장면을 수정한 개정판입니다. 명문대 교수의 비서로 매일 야근에 시달리는 모태솔로 채이 는 급작스런 교수의 호출로 공항에 도착한다. 그런데 갑자기 헐리웃 스타가 내게 키..키스를? 그것도 모자라 중동의 대부호에게 납치까지..! 갑자기 주위에 온통 미남들이라니... 나, 전생에 나라라도 구했나? 엄마의 남자 스튜디오 스텔라즈의 로맨스 신작.",O,레진코믹스
40,40,삐딱한 기억 사전,김팍새,수,일상,"친구가 내 앞에서 자살하려 한다면 어떻게 해야할까? 지난 날의 우울을 모아 만든 기억 사전. 나, 여기에서, 살아남을 수 있을까? 삶에 이리저리 치이며 무너지지 않게 힘겹게 버티고 있거나, 어쩔 수 없이 무너져버린 나를 보살피고 있는, 혹은 그 누구에게나 공감이 될 수 있는 이야기. 지금 시작합니다.",O,레진코믹스
41,41,소꿉친구가 자꾸 괴롭혀,NAKTA,수,학원,고등학교 2학년 새학기를 맞이하는 한누리. 초등학교 시절 전학 갔던 소꿉친구 강호밀이 같은 반 옆자리 짝꿍으로 돌아왔다! 키 147 로 멈춰버린 자신과 다르게 몇년 새 많은 것이 달라진 호밀. 그의 등장으로 흠칫 긴장하고 덜컹 가슴 뛰는 일상이 시작된다!,O,레진코믹스
42,42,달의 상자,김달,수,판타지,"김달작가가 새롭게 선보이는 단편만화집. 한편 한편이 아라비안나이트의 세헤라자데가 별빛 아래 왕에게 속삭이던 이야기처럼 기묘하고 신비롭다. 이국적인 술탄, 황제의 막내딸, 용의 이야기가 지금 우리의 삶과 겹쳐지어 거울이 된다. 덤덤히 마음을 울리는 그들의 이야기를 들어보자",O,레진코믹스
43,43,차린 건 없지만,심모람,"수, 토",일상,차린 건 없지만 자꾸만 보게 되는 어느 만화가의 식탁.,O,레진코믹스
44,44,배달부들,우주,수,드라마,"차라리 죽었으면 싶던 날이었다. 시간도 없고, 돈도 없고, 없는 것 투성이인 인생, 아버지는 혁이 어렵게 모은 돈과 함께 사라졌다. 집안에 남아있던 유일한 단서는 코드뿐... 혁은 매일 밤, 사라지기 전 아버지가 함께 있던 여자와 또다른 코드를 찾아 헤맨다.",O,레진코믹스
45,45,Teach Me!,뉴라,수,BL,삼수생 재홍은 층수를 착각해 잘못 찾아온 윗집 명문대생 은성을 새로운 과외선생님으로 알고 수업을 받는다. 은성이 장난친 것을 알게 되었지만 자기와 생각보다 잘 맞았던 은성에게 재홍은 진지하게 자신을 가르쳐줄 것을 권유하게 된다. ...저기 과외 해보실래요? 제4회 세계만화공모전 우수상 수상작!,O,레진코믹스
46,46,"오늘, 그 녀석（♂）에게 심쿵한 날",레진코믹스,수,BL,"풋풋해서 두근거림이 멈추질 않아! 13인의 호화 작가진이 선사하는 고귀하고 심쿵한 라이트 앤솔로지! 친한친구인 녀석, 소꿉친구인 녀석, 마음에 안드는 녀석, 오늘 처음 만난 녀석이지만 왠지 얼굴을 보면 심쿵해버려! 이 기분은 혹시... 사랑!?",O,레진코믹스
47,47,머쉬룸 스프,부발,수,판타지,"18살 생일, 이상한 꿈과 함께 잠에서 깨어난 아리는 시골 마을로 전학을 가게 된다. 이번 생일 선물은 특별하다며 그녀를 거대한 나무 앞으로 데려간 부모님이 나무에 노크를 두 번 하자 아리는 땅속으로 끊임없이 떨어지게 되는데?! 매력넘치는 버섯족 친구들의 이야기가 시작된다! 제4회 세계만화공모전 우수상 수상작!",O,레진코믹스
48,48,킹스메이커,"강지영, 하가",수,BL,"황제의 소유물에는 손 끝 하나 닿고 싶지 않아! 아버지에게 복수심을 품고 그의 모든 것을 증오하는 4황자 볼프강, 현실을 벗어날 수 있을 힘과 황제의 몰락을 원하는 신수혁. 다른 생각을 가지고 같은 꿈을 꾸는 두 사람 ! , ! 강지영, 공주는 잠 못 이루고 하가 작가가 선보이는 초대형 판타지!",O,레진코믹스
49,49,국제결혼 절대로 하지 마라,쑤,수,일상,미국에도 동양인 많이 살고 좋은 곳도 많은데...나는 왜 이런 곳으로 와버린걸까? 이럴 거면 국제 결혼 하지 말 걸 그랬어! 남친에서 남편이 된 롯과 함께 미국으로 향한 쑤. 뉴욕과 캘리포니아만 알던 쑤 의 미국 생활기가 지금 시작됩니다.,O,레진코믹스
50,50,주인의 사정[개정판],"WAJE, 찐밤",수,BL,"해당 작품은 주인의 사정 성인 버전의 일부 장면을 수정한 개정판입니다. 평범하게 살아온 나, 임주인. 평생 그렇게 평범할 줄 알았는데 갑자기 고야휘라는 성격 나빠 보이는 선배가 나더러 방충망 역할을 하란다. 뭐야? 근데 거절을 못 하겠네. 혹시 나 얼빠였나? 그게 끝인 줄 알았는데, 웬 미친놈이 나한테 주인님이라고 엉겨 붙는다. 근데 얘도 잘 생겼네 하, 나 정말 괜찮은 걸까?",O,레진코믹스
51,51,세상에 없는 이웃,1230,수,판타지,"구원하소서 , 방황하는 신 으로 밀도 높은 비주얼과 독특한 시나리오로 독자를 매료시킨 1230 작가의 신작!! 꿈을 쫓는 섬, 노량진. 그리고 허름한 고시원들 사이에 우두커니 서 있는 교회. 어떤 연유로 망한 교회 안에 언제부턴가 사람들에게 피를 사는, 이름도 나이도 모르는 두 남자가 살기 시작했다. 사람을 흉내내며 사람이 되고 싶은 꿈을 버리지 못한 동생과 그런 동생을 이해 못하는 형은 영겁의 시간이 무색할 만큼 사사건건 부딪친다. 어느 날, 그런 둘에게 신세를 봐달라며, 가정부를 자처한 한 소녀가 교회로 들어왔다.",O,레진코믹스
52,52,비 갠 뒤 우리들을 따라,라쿠타 쇼코,수,BL,상처 받는 것이 두려워 관계 맺기를 거부하며 철저히 솔로 라이프를 영위하는 카나데. 어느 날 우연히 학창시절 짝사랑 상대였던 마시로와 재회하게 되고 카나데는 크게 흔들린다. 마시로의 적극적인 관심에도 카나데는 어째선지 좀처럼 마음을 열지 못하는데... 라쿠타 쇼코 작가의 물빛 감성 신작!!,O,레진코믹스
53,53,바리데기 발자국,김보통,수,판타지,도깨비들이 훔쳐간 북두칠성을 찾기 위해 바리데기는 요괴 조마구와 여행을 떠난다. 바리데기는 전국 곳곳의 문화 유적지에서 마주친 요괴와 사람들을 도우며 별들과 소중한 삶의 가치를 되찾는다.,O,레진코믹스
54,54,타치바나 백작,활기,수,BL,"일제감정기 시대, 조선인 소년 권용현은 매년 여름마다 마을 뒷산에 있는 타치바나 백작저에 초대받는다. 그곳에서 친해진 미스터리한 소년 타치바나 쇼는 저택에서 단 한번도 나가보지 못한채 갇혀있는 신세였고, 권용현은 그런 타치바나 쇼를 도와 저택에서 벗어날 수 있도록 궁리하기 시작하는데..",O,레진코믹스
55,55,바람,반메,수,판타지,"이세계의 경계와 존재를 인지하는 지상계의 생명들. 그 중 인간을 도사, 축생을 요괴라 부른다. 인간 도사 제철, 여우 요괴 문수, 그리고 돗가비 납은 각자의 바람과 운명을 지니고 저승문으로의 여정을 떠나는데... 제3회 세계만화공모전 대상 수상작 바람 , 드디어 그 기나긴 여정이 시작됩니다.",O,레진코믹스
56,56,4와 2분의 1 정거장,팀만나,수,BL,인생에 누구나 한번은 온다는 인기가 많은 시기 가 온 것일까? 밋밋하고 평범한 주원의 인생에 네 명의 매력적인 남자가 다가온다. 과연 주원은 이 매력적인 남자들 중 단 한 명만 선택할 수 있을까? 당신을 바라보는 건 너무 힘들어! 팀 만나 작가의 신작!,O,레진코믹스
57,57,1미터 사이,"김병관, 이은정",수,로맨스,"어느 날 공부밖에 모르는 전교 1등 모범생 단우가 말한다. 호수와 짝을 하고 싶습니다. 강렬한 그 말. 외모, 성적 모든 게 완벽한 남자애가 자신에게 다가온다. 모든 상황이 영 어색한 호수. 인생승리라며 친구들은 축하해주는데, 아무리 생각해도 이 남자애가 수상하다. 넌 부족한 것도 아닌데, 왜 내 옆에 있으려고 해? 날 좋아하는 것도 아니잖아? 의문투성이의 시선으로 봐도 단우는 같은 말만 되풀이 한다. 내 곁에 있어줘. 1미터 사이에만 있으면 돼. 그저 자신의 옆에서 안심한 듯 공부에 열중하는 단우. 완벽해 보였던 그와의 학교 생활은 호수가 전혀 생각하지 못했던 방향으로 흘러간다.",O,레진코믹스
58,58,꽃점 봐 드립니다,주은,수,드라마,"무당할머니에게 물려받은 꽃점 카드로 사람들의 점을 봐주던 승연에게 신기한 능력이 생긴다. 그 능력으로 금방 유명세를 타게 되지만 이를 질투한 검은 실 의 등장으로 곧 위기에 빠지게 되고, 그런 그녀 앞에 한 남자가 나타나는데... 꽃점 보는 여자와 퇴마사 남자의 이색적인 로맨스",O,레진코믹스
59,59,한여름 밤의 꿈,"룡키, 재재 / 박연조","수, 토",판타지,군위군 다례재에 참석한 서준은 만파식적의 힘에 이끌려 고려시대로 가게 된다. 일연스님의 부탁을 받은 서준은 나라를 구하기 위해 도깨비 비형랑과 여행을 떠나는데...,O,레진코믹스
60,60,당신은 나의 신,재해,목,드라마,"소박하게 로또 일등을 꿈꾸는 게임회사 직원 마리아의 앞에 어느 날 바라는 대로 소원 ? 이 이루어지는 황당무계한 사건이 펼쳐진다! 주님, 아무 때나 소원을 들어주지 말고, 로또 일등 되게 해달라고요 !",O,레진코믹스
61,61,소년이 소년에게,엠제이,목,BL,한평생 게이임을 부정해왔던 68세의 노인 권승태는 일기장을 통해 19살의 나와 대화를 나누게 되는데.. 이 말도 안 되는 상황을 이용해 과거를 바꾸려고 미래를 알려주기 시작한다. 감동적인 스토리텔링으로 유명한 어바웃 제인 엠제이 작가님의 신작 !,O,레진코믹스
62,62,아르카나 판타지,포엠 / 유희,목,판타지,온 세상을 장악한 모바일 게임 아르카나판타지. 하지만 이 게임에 접속한 플레이어는 게임 속에 의식이 갇혀버리고 만다. 수많은 피해자들은 흐릿해진 현실과 가상의 경계 속에서 탈출할 수 있을 것인가? 주인공 윤의 파란만장한 이 세계 모험 성장기. 제4회 세계만화공모전 우수상 수상작!,O,레진코믹스
63,63,이름 없는 가게,하몽,목,판타지,"원하는 물건은 뭐든 구해주는 가게? 그러나 그 물건을 사용하는 데는 엄청난 대가가 따른다. 때로는 행복을, 때로는 파멸을 부르는 영력이 담긴 물건들을 다루는 수수께끼의 가게, 그리고 더욱 미스터리한 주인의 정체는 무엇인가!",O,레진코믹스
64,64,구최애로부터 비밀을 사수하라!,네치 / 선마,목,로맨스,"과거 아이돌 팬픽 작가로 꽤 유명했던 민아 는 자신의 글 쓰는 능력을 갈고 닦아 비엘 소설 작가로 데뷔하여 성공한다. 그러던 어느 날 자신이 덕질했던 아이돌 류우빈 이 일반인이 되어 본인의 담당 편집자로 나타난다. 졸지에 덕밍하게 생긴 민아는 그 사실을 감추려 노력하지만, 누군가의 폭로로 인해 자신이 우빈의 극성팬이였던 걸 들키게 되는데...?! 염원하던 아이돌과의 만남은 과연 악연일지, 필연일지?!!",O,레진코믹스
65,65,바나나툰,와나나,목,일상,친구 잘 팔아먹는 만화. 아버지가 극찬하신 ? 만화. 즐거운 와나나의 일상을 바나나 껍질 벗기듯 낱낱이 까보는 만화.,O,레진코믹스
66,66,집사랑,김첨지,목,BL,"박배우 김남팬 김첨지 작가의 화제의 기대 신작! 오로지 남자 집사들만 고용되는 대저택에서 벌어지는 우당탕탕 좌충우돌 해프닝들!! 살짝 까칠하지만 프로페셔널한 집사장 후보 아서, 그리고 그런 아서만을 바라보는 라이언과 당돌한 야망의 소유자 막내 올리버까지..! 이 셋을 포함한 개성 강하고 매력적인 8명의 집사가 주인님을 모시기 위한 노력들을 지켜봐 주세요.",O,레진코믹스
67,67,방과후에 3,권골수,목,미스터리,"방과후에 3부작 대망의 마지막 시리즈! 더 커진 스케일과 갈등. 그리고 뒤늦게 밝혀지는 진실들.. 그는 정말 돌이킬 수 없는 짓을 저질렀을까? 친구들이 살해당하고 위험한 상황 속에서도 침착하게 살인범을 잡아왔던 준휘. 그러나 너무 깊이 관여해 버린 걸까? 살인범들의 조직이 그의 영리함을 주시하게 되면서, 자신도 언젠가 그들처럼 되어버릴까 봐. 불안에 사로잡히고 마는데.. ...이야기는 아무도 없는 폐건물에서 두 달간의 기억이 사라진 상태로 깨며 시작한다.",O,레진코믹스
68,68,헌터의 약혼자로 살아남기,은나 / 서하,목,로맨스,악명 높은 뱀파이어 헌터 여주 맥시에게 잡힌 여린 초식남 뱀파이어 루이의 목숨을 건 판타지 생존 로맨스,O,레진코믹스
69,69,돌아올 땐 해일같이,티오비,목,액션,어리숙하지만 정직한 이호진 은 악마 같은 김정윤 에게 괴롭힘 당하는 친구를 구하다가 끔찍한 왕따를 당하게된다. 반복되는 폭력 속에 점점 망가져가는 호진. 하지만 작은 물결도 폭풍을 건너면 해일이 되는 법. 과연 호진은 정윤을 이기고 평범했던 일상을 되찾을 수 있을까?,O,레진코믹스
70,70,히어로즈 플랜비,인디고,목,액션,인디고 작가의 틴에이저 히어로물 내츄럴스 가 본격적인 스케일로 다시 돌아왔다.,O,레진코믹스
71,71,일어나서 사랑을 시작해,토너진,목,BL,"호모포비아로 알려진 유명 배우 권태호, 불의의 사고로 의식불명이 되고 만다. 이후 그가 눈을 뜬 곳은 50년이라는 시간이 지난 후, 미국의 병원. 받아들이기 힘든 현실에 혼란스러워하는 태호 앞에 남제영이 등장한다. 제영은 태호를 좋아했지만 태호가 호모포비아라는 것을 알고 마음을 숨기며 다가가는데... 호모포비아인 권태호와 그를 좋아하는 남제영의 아슬아슬한 동거 생활!",O,레진코믹스
72,72,전설의 과학도들,김보통,목,드라마,과학 인재 양성의 메카 카이스트. 이곳에 초자연적인 현상을 탐구하는 오컬트부가 있다? 폐부를 막기 위해 평범한 동아리로 위장한 오컬트부는 뜻하지 않게 재난로봇대회 에 출전하게 되는데...천동설을 믿고 점괘와 부적을 신봉하는 그들이 제대로 된 로봇을 만들 수 있을까? 수호령 뽀삐와 함께하는 오컬트부의 좌충우돌 대회 참전기.,O,레진코믹스
73,73,사랑이라 하기엔 기분나빠,모구스,금,로맨스,"묘한 사건으로 여동생의 친구인 여고생 아리마 이치카와 만난, 바람둥이에 고스펙인 아마쿠사 료는 그녀에게 광적으로 짝 사랑을 하게된다. 한편, 그의 전력투구로 퍼붓는 대시를 일관되게 기분 나빠하는 이치카는 료에게 비난을 날리지만, 료는 꿈쩍도 하지 않는데 .",O,레진코믹스
74,74,하루종일 조아영,김맹,금,일상,201동 202호에는 무뚝뚝하지만 다정한 오빠와 언제나 해맑은 아영이가 삽니다. 귀여운 남매와 엉뚱한 이웃들의 유쾌한 하루하루! 오늘도 아영이와 하루종일 조아영,O,레진코믹스
75,75,라온의 남자,릴리,금,BL,"학창시절 짝사랑했던 라온과 재회한 서우. 내성적인 성격 탓에 쌍둥이 제우에게 대역 플러팅을 부탁한다. 그러나, 관심 없던 제우도 어느새 라온에게 빠져드는데... 달달한 짝사랑에서 시작된 불꽃 튀는 삼각관계. 라온의 마음을 두드릴 사람은 누구? 2반 이희수 릴리 작가의 선물 같은 작품!",O,레진코믹스
76,76,블랙보이,노커,금,판타지,블랙보이와 한스 그리고 카이드락. 용사와 마왕의 불안한 우정 . 어나더월드 노커 작가의 또 다른 다크 판타지!,O,레진코믹스
77,77,조만국의 영화캠프,조만국,금,개그,"생일에는 미역국, 해장에는 북엇국, 영화리뷰는 조만국! 누구든 영잘알로 만들어드립니다. 주의 영화를 이상한 쪽으로 잘 알게 될 수 있음",O,레진코믹스
78,78,레바툰,레바,금,일상,본격 나사 빠진 유해불건전장르불문개그만화.,O,레진코믹스
79,79,친하게 지내자,영일,금,일상,"1인용 삶을 추구하며 살아온 로맨스 소설가 한수씨. 그런 한수씨의 삶에 불쑥 나타난, 시크한 매력 가득한 조카 모나. 철없는 삼촌과 애어른 조카의 기묘한 동거가 시작되었다. 두 사람 사이는 언제 쯤 가까워질까요? 한수씨, 모나, 그리고 매..매력만점 이웃들과 함께 오늘도 내일도 친하게 지내자 !",O,레진코믹스
80,80,삼국지 가후전 R,입개 / 마사토끼,금,드라마,"여러 주인을 바꿔 섬겼고, 음흉한 계책에 거리낌이 없었다. 인간의 마음에 의심을 심는 난세의 책략가이자, 전쟁에서 단 한 번도 패하지 않은 자 그의 이름은 바로 가후. 마사토끼 입개 콤비로 새롭게 만들어지는 진짜 가후전, 그 단단한 재기동!",O,레진코믹스
81,81,제 3 경호팀,카리보,금,액션,최고의 경호팀에 예사롭지 않은 신참이 들어왔다. 생사를 넘나드는 치열한 현장에서 겪는 경호팀의 활약상.,O,레진코믹스
82,82,마들레느가 9번지,진혜리,금,드라마,"어느 날 갑자기 유럽의 동네 제과점에서 일하게 된다면? 행동파 모건 부인, 쿨한 파티쉐 비숍, 아르바이트 겸 작가 지망생 줄리가 꾸려나가는 작은 제과점 이야기.",X,레진코믹스
83,83,매드 독,하리보,금,BL,조폭이라는 집안 내력으로 평범한 일상에 집착하는 하민. 어느 날 하민이 적대 세력에 납치를 당하는 사건이 벌어지자 그의 아버지는 그 옆에 세혁을 붙여 준다. 그런데 튀어도 너무 튀는 세혁. 평범하고 싶은 하민의 일상에 세혁이라는 강렬한 파문이 일기 시작한다.,X,레진코믹스
84,84,나는 너의 귀여운 카피캣!,마롭-믹,금,BL,"편입생 염세민은 복학 첫날 회화 수업에서 자신이 염탐해 온 조요한 과 마주치게 된다. 기쁨과 동시에 양심의 가책을 느낀 세민은 더 이상 요한과 엮이지 않길 바라지만, 그의 바람이 무색하게 요한은 세민에게 접근해 오는데 조요한을 따라하는 카피캣 염세민의 아슬아슬한 3학년 2학기!",O,레진코믹스
85,85,천사의 용도,공사,금,로맨스,"21세기에 악마를 소환한다는 미친놈들에게 납치당했다. 다행히 제물로 바쳐질뻔한 위기의 순간, 벽이 부서지며 얼굴이 천사 같은 남자가 등장! ...그런데 저 구해주러 온 거 아닌가요? 왜 나를 향해 칼을 드는 거죠 ?",O,레진코믹스
86,86,A와 B의 초상,두긍,금,BL,"어떤 저택의 괴기한 소문이 흐르는 마을. 그 속의 평범한 남고생 윤 는 갑작스러운 편지 한 통으로 이별통보를 받게 된다. 그 속내와 본심을 알기 위해 전 여자친구의 흔적을 더듬어가는 와중, 조금은 어둡고 이상한 도서부원 신 와 친해지게 되는데... 제1회 레진코믹스 공모전 대상 수상작!",O,레진코믹스
87,87,황룡전[개정판],오늘만 사는 형제,금,BL,해당 작품은 황룡전 성인 버전의 일부 장면을 수정한 개정판입니다. 도진의 유일한 가족인 누나와 소중한 보물인 그녀의 딸 명주. 명주의 생일 날 집에 돌아가던 도중 불의의 사고를 당한 도진은 유국이라 불리는 세계에서 눈을 뜬다. 도진을 황제라고 부르는 사람들 그리고 도진을 지키기 위해 이 세계로 불러드린 황룡. 황룡은 도진에게 황제가 되어 정기 를 나눠 준다면 원래 있던 세계로 보내준다고 말하는데,O,레진코믹스
88,88,심펭져스,김보통,금,드라마,"국민들의 건강을 책임지는 건강보험심사평가원! 정체를 알 수 없는 누군가의 음모로 위기에 빠진 심평원을 구하러 나타난 전설의 트리오, 심펭져스! 그들은 심평원에 평화를 찾아줄 것인가?",O,레진코믹스
89,89,나와 호랑이님,윤재호,금,판타지,평범한 학생이었던 성훈은 어느날 자신이 환웅에게 선택받지 못한 호랑이 요괴와 결혼을 하지 않으면 온세상이 요괴로 덮히게 된다는 것을 듣게 되고.. 미소녀로 변한 호랑이와의 기묘한 동거가 시작된다.,O,레진코믹스
90,90,에로만화부!,Canaria / 공란,금,학원,에로만화부라 해서 오해할 수 있는데 그 오해가 맞다!! 에로만화를 숭배하는 부장 상열과 에로만화 제외 모든 만화를 좋아하는 선정. 그리고 부의 존속을 위해 모여드는 개성 강한 부원들이 함께 만들어가는 학원 러브 코미디 에로만화부!,O,레진코믹스
91,91,2주간 재워주세요,은하이,금,드라마,"아저씨, 저 좀 재워주세요. 얼떨결에 19세 가출 소녀 ? 와 동거를 하게 된 김기범. 그의 목표는 내보낸다. 내일은 무슨 일이 있어도 기필코 내보낸다!!!! 당돌한 가출 소녀 유수현과 오지라퍼 대학생 김기범. 서로를 알아가는 2주, 그 사이에 벌어지는 말랑따뜻한 이야기가 시작됩니다!!",O,레진코믹스
92,92,코디해드립니다!,"에이, 제이 / 영현",토,BL,"연우는 고민이 있다. 학과에 잘생긴 것으로 소문이 났기 때문이다, 이름만 잘생긴 것으로! 이름과 달리 주눅 들고 칙칙해 보이는 자신의 모습에 좋아하는 사람에게 다가가지 못하는 연우. 그러다 코디를 해준다는 전단을 보고 지푸라기 잡는 심정으로 전단의 연락처, 재희에게 부탁하게 되는데! 알고 보니 안경 미남 연우와 그런 연우를 뮤즈 삼아 코디하는 재희의 성장 힐링 러브 뭐, 그런 이야기입니다! 어서 오세요, 코디해드립니다! !",O,레진코믹스
93,93,BJ 엘프의 요리 채널,변태너구리,토,개그,"마왕이 죽고 820년 뒤, 세계는 비약적인 기술의 발전을 이루었고, 지금 가장 인기있는 직업은... 개인 방송 스트리머 였다! 자칭 우주 최강 엘프 아이돌 에린 과, 요리연구가 오크 벨 이 펼치는 좌충우돌 요리 방송 프로그램 엘프의 요리 채널 ! 지금 시작합니다!",O,레진코믹스
94,94,클라우드,김파스,토,BL,짝사랑하는 찬일이의 사진을 모으는 것이 취미인 하늘이. 그러나 실수로 같은 반 실장인 현운이에게 들키고 만다. 하늘은 착하고 모범생인 현운이 비밀을 지켜줄 것이라고 기대하지만... 왜인지 현운이 손안에서 놀아나는 것 같은데...?,O,레진코믹스
95,95,"꽃은 꽃으로, 잎은 잎으로",해표 / 골지,토,로맨스,"재벌가 첩의 딸로 태어난 홍설영은 갖은 핍박에도 굴하지 않고 떳떳하게 자리를 잡아가고 있던 중, 부모님이 갑자기 교통사고로 돌아가시게 되고 설영 또한 자살을 가장한 죽음을 맞이하게 된다. 설영은 눈을 감는 순간까지 홍씨 일가를 저주하는데.... 그러다 갑작스레 의식이 돌아온 설영, 눈을 떠보니 시대극 드라마 세트장을 연상케 하는 배경이 눈에 들어온다...? 그리고 머리는 언제 이렇게 길어진 거야?! 설상가상으로 자신을 아씨 라고 부르는 소녀까지....? 다른 차원에서 홍설영 이 아닌 장설영 으로 눈을 뜬 설영의 속시원한 복수극이 시작된다!",O,레진코믹스
96,96,무명의 등불,이재,토,드라마,"부패한 왕실과 오랑캐의 침략으로 울부짖던 조선, 여자아이 두 명이 임금과 역적의 운명을 같이 타고 태어난다. 혼란스러운 시대를 밝히는 등불이 될 것인가. 그 불에 타 재가 되는 나방이 될 것인가. ...새로운 역사가 시작된다! 짜임새 있는 스토리라인을 보여줬던 은사 이재 작가의 기대신작!",O,레진코믹스
97,97,작전본부 : 우리 집,청혈구,토,드라마,"택배기사로 근근이, 하지만 부지런히 살고 있는 전상우, 10년 전 사라진 아버지가 유산으로 남겼다는 집에서 살게 되었다.. 그리고 집에 들어간 바로 그날 밤에 들이닥친 비밀요원들! 뭐? 나를 인질로 삼겠다고? 뭐?! 우리 집에 잠복하며 마약조직을 잡겠다고?! 갑자기 생긴 것도 모자라 갑자기 작전본부가 돼버린 우리집!!",O,레진코믹스
98,98,불멸의 날들,허긴개,토,액션,"오랜 연구 끝에 인류는 더이상 죽지도 다치지도 않게 된다. 하지만 언제나 돌연변이는 존재하는 법. 죽을 수 있는 존재로 태어난 멸 은 불사의 사람들 사이에서 갖은 고생을 하며 살아간다. 외로이 고군분투를 하며 지내던 때, 멸은 자신과 같은 돌연변이 해결사 필 을 만나게 된다. 그리고 필은 자신과 같이 일을 하자며 멸에게 구애 ? 하는데. 안전지상주의 멸 과 한탕주의 필 , 이 조합 과연 괜찮은 걸까?",O,레진코믹스
99,99,데우스 바드 마키나 2 : 선택받은 잡것,죽은고양이 / 폴빠,토,판타지,"전쟁 임박! 어둠의 군세를 막을 방법은 단 하나, 그것은 빛과 함께 나타날 구원자의 존재! 그건 님들 사정이잖아! 난 내일 아침에 전역할 예정이었다고!! 전역 전날 판타지 세계로 떨어져버린 말년 병장 철수의 이세계 군대 깽판 수난기..!!",O,레진코믹스
100,100,최강! 중2병 그녀,영식,토,드라마,"멸망한 세상에서 살아남는 세 가지 방법이 있다. 그 중 하나는 눈에서 레이저를 내뿜는 중2 소녀에게 빌붙는 것이고, 나머지는",O,레진코믹스
101,101,백억년을 자는 남자,수사반장,토,드라마,"하루에 3시간만 자도 정상 생활이 가능한 35세 양승조씨. 남들보다 5시간씩 남는 잠시간을 온전히 자신을 위해 써왔고, 그 사이에 사랑하는 아내와 자식들, 그리고 훌륭한 직장과 동료들과 함께 하게 되었다. 그러나, 36세 생일날 잠에서 깬 그의 인생은 크게 뒤틀리는데... 김철수씨 이야기 수사반장 작가의 장대한 대우주 서사시!",O,레진코믹스
102,102,메리 고 라운드,나솔,토,로맨스,"열아홉의 우리. 콤플렉스 투성이었던 나와 염치 없이 사랑스러웠던 너희들. 아무것도 할 수 없어 비참했지만 무엇이든 가능할 거라 믿었기에 즐거웠던 그때 그 찬란한 시절로, 메리 고 라운드.",X,레진코믹스
103,103,내가 원하는 건,정,토,로맨스,"전쟁 같은 수강신청의 날, 미설은 실수로 어떤 남학생의 수강 신청을 망쳐버리게 되고... 죄책감에 다시는 마주치지 않기를 바랐건만, 운명처럼 교양강의 옆자리에서 마주치는데?! 비밀스러운 짝사랑 정 작가님이 선사하는 악연과 인연이 넘쳐나는 대학교 로맨스!",X,레진코믹스
104,104,천지해,핑푸,일,판타지,"천계에 올바른 질서를 가져오기 위해 초대 옥황상제가 12지, 십장생, 오방신의 대표를 한 명씩 모아만든 기구 천지해. 이 조직에 황룡의 대표로 참가하게 된 수습 천지해 륜. 그녀가 첫 출근에서 보게된 천지해의 모습이란...? 다양한 종족이 부대끼며 살아가는 천계를 배경으로 벌어지는 특무기관 판타지 드라마.",O,레진코믹스
105,105,타임라인,헛들,일,드라마,"화려한 패턴이 돋보이는 ? 일바지의 고장에서 자란 하윤, 패션디자인학과에 합격! 열정, 우정, 그리고 애정으로 가득할 줄 알았던 그녀의 스무살은, 타임라인의 게시글 하나로 무너질 위기에 처하는데...!",O,레진코믹스
106,106,상상당 한의원,서영애,일,드라마,까마귀 깃털..? 다람쥐 꼬리털..?? 범상치 않은 재료들이 넘쳐나는 상상당 한의원 에서 알바를 하게 된 취업준비생 연진과 까칠한 약제사 치우! 그리고 선글라스 낀 침술천재 원장님까지!! 이들의 삐걱거리는 팀워크로 환자들의 아픔을 치료해가는 이야기. 제4회 세계만화공모전 우수상 수상작!,O,레진코믹스
107,107,부랄친구,한라감귤,일,개그,"낭랑 18세의 지은은 길건너 옆집에 사는 민철과 10년도 더 된 부랄친구다. 남녀사이에 친구는 없다지만 꾸준히 둘은 친구임을 주장하고 있기를 10여년.. 하지만 아침에 함께 등교, 하교도 같이, 아프면 병문안, 놀러갈 때도 단둘이.. 이런 둘이 정말 단순한 친구 사이로 남을 수 있을까..? 사랑보다 먼 우정보다는 가까운 지은과 민철의 미묘한 학원일기 부랄친구 !",X,레진코믹스
108,108,달토끼와 안드로이드,"뉴꼬, 개호주",일,개그,영재소녀 세오는 고등학생이 되자 에 스카우트 되어 달을 가게 된다. 오랫동안 세오를 짝사랑했던 연우는 그녀가 남기고 간 연구소를 관리하기로 한다. 그녀의 환심을 사기 위해 연구소를 청소하던 중 수상한 캐비닛을 발견한 연우. 호기심을 참지 못하고 열고 만다. 경고음 소리와 들리는 익숙한 목소리는 세오...투?!,O,레진코믹스
109,109,안아줄게 (Burn It),west dog alcohol / HYEYA,일,드라마,"네가 좀비가 돼도, 내가 너를 안아줄게 와이와 보민은 좀비에게 쫓기면서도 서윤을 구하기 위해 백방으로 노력한다. 하지만 그 끝에서 서윤은 안타까운 모습으로 변하는데.. 골든차일드 신곡 뮤비 기념 웹툰화 프로젝트!",O,레진코믹스
110,110,정당한 기만,진5,일,BL,"3년 내내 네 비위 맞추느라 죽는 줄 알았어. 헤어지자. 존재감 없는 날 굳이 좋아했던 너. 그런 너에게 잘보이기 위해 나에게 친절을 베풀던 아이들. 모두가 지겨웠다. 진정성 없는 관계에 질린 희재는 그렇게 소민에게 이별을 통보했지만.. 1년 후 대학에서 우연히 소민과 재회하고, 희재가 좋아하는 은준이 형이 소민에게 관심을 보이는데..!",O,레진코믹스
111,111,명동젠틀맨,직가 / 미스와플,일,드라마,"오랜 역사와 전통을 자랑하는 명동 양복점 거리. 하지만 기성복의 시대로 접어들며 거리는 위기를 맞이하고, 급기야 각기 다른 방식을 찾아 이를 타개하고자 한다. 그런 와중 젠틀맨, 본, 양복점은 서로 다른 개성의 조수들을 고용하게 되는데... 과연 명동 양복점 거리는 이들과 함께 새로운 전성기를 맞이할 수 있을까?",O,레진코믹스
112,112,기절소녀 하나미!,호이,일,로맨스,기절까지 앞으로 30초! 어릴 적 좋아하는 남자에게 고백했다가 비참하게 차인 하나미는 그 트라우마로 좋아하는 사람 앞에만 서면 기절하게 된다. 고교 입학식에서 첫눈에 반한 선배에게 고백하려는 하나미의 치밀한 계획. 그 계획 속으로 아역배우 출신 대스타 가 끼어드는데 과연 그녀는 고백에 성공할 수 있을까?!,X,레진코믹스
113,113,데스크레센도,턱시도펭귄 / 빌뱅,일,드라마,"뛰어난 실력에 비해 좀처럼 뜨지 못하는 음악청년 조지. 음악의 악마 피스와의 계약 덕에 조지는 유명해지지만, 계약의 대가가 자신의 목숨이었음을 뒤늦게 알게 된다. 그리고 점점 줄어드는 오선지 위의 데크레센도처럼, 바뀐 세상은 조지의 목을 점점 조여오기 시작하는데!",O,레진코믹스
114,114,여우비 내리는 날에,이하안 / 우시목,일,학원,어린 시절 한새벽 앞에 나타난 윤슬. 그녀는 여우비처럼 예고 없이 나타났다가 예고 없이 떠나버린다. 시간이 흘러 또다시 나타난 윤슬. 그리고 지금은 앞집에 사는 이웃이 되었는데...?!,O,레진코믹스
115,115,아버지의 집밥,고리타,일,드라마,"평생 부엌 근처엔 가본 적도 없는 72세 고하응씨는 45년 간 부엌에 갇혀 밥만 지어온 아내 안순애의 고마움도 모른채 삼시세끼 까탈스레 집밥만 찾는다. 어느날 아내가 사고로 레시피에 대한 모든 기억을 잃어버리고, 남편 고하응은 난생 처음 집밥에 도전한다. 그러나, 고하응씨가 고생 끝에 만든 된장찌개를 맛본 아내는 집밥과 인생, 가족, 그리고 진심이 맛깔나게 버무려진 아버지의 집밥 !",O,레진코믹스
116,116,펀칭머신,늴릴,일,액션,"장인이 만든 세 대의 펀칭머신 테네, 루미나, 게헨나. 이 기계들은 펀칭한 대상에게 신비로운 힘을 불어넣어 주는 문명을 초월한 이기였다. 하지만 그 중 테네가 도난당하자 의구심을 품은 장인의 손녀딸 김선선은 직접 그것을 찾아 나서기로 결심하는데",O,레진코믹스
117,117,제5열 Born to kill,스튜디오웨이브 / 김성종,일,액션,"상하이 암살단 살수계 의 서열 1위 킬러인 다비드 킴. 어느 날, 계주의 명령으로 다비드는 중국 최대 기업 양가집단의 총수를 암살한다. 하지만 이 일 이후로 그는 함정에 빠져 동료를 죽인 배신자이자, 동시에 1000만 달러짜리 살인의뢰의 표적이 돼 다른 살수계원들로부터 쫓기는 몸이 되는데 . 원작 김성종 소설 제5열",O,레진코믹스
118,118,표준규격전사,오솟,열흘,개그,지극히 정상적인 ? 그들의 표준적인 모험 이야기가 시작된다!,O,레진코믹스
119,119,지젤 씨의 피[개정판],이연지,열흘,판타지,해당 작품은 지젤 씨의 피 성인 버전의 일부 장면을 수정한 개정판입니다. 네이슨 가 당주의 정숙한 아내가 되어 꼭두각시로 살아가던 지젤은 우연히 발을 디딘 지하에서 아름다운 모습을 한 소년에게 피를 빨리게 된다. 불행했던 그녀의 삶에 나타난 피를 마시며 자라는 꽃 이라고 불리는 흡혈귀. 지젤은 남편의 눈을 피해 위험한 만남을 가지기 시작하는데..,X,레진코믹스
120,120,프릭-퀀시,Sakon / Xero,열흘,판타지,"손냐의 오빠 마일로 는 갑자기 사라지고 유일한 단서라고는 이상한 문자 한통. 손냐는 수소문 끝에 갑작스럽게 서비스 종료된 인기작 , 와 마일로의 사라짐이 관련 있다는 사실을 알게 된다. 또 알게 된 사실은 를 접했던 많은 유저들이 사라지고 있다는 것과 게임이 가상공간에 국한되어 있지 않다는 것! 사라진 마일로를 찾기 위해 손냐는 어쩔 수 없이 이 게임에 참여를 해야 하는데... 제3회 세계만화공모전 우수상 수상작!",X,레진코믹스
121,121,박씨유대기,슬라정,열흘,개그,"평범한 남학생 박남주는 같은 반의 큐트한 여학생 박여주에게 끌린다. 하지만 그녀의 정체는 상상도 할 수 없는...! 극강의 연재처 선정능력 보유자, 초딩이지만 우리 사귀어요 슬라정 작가의 레진 데뷔작! 레진은 여기까진가, 아니면 이제부터인가...!",X,레진코믹스
122,122,도깨비도 수풀이 있어야 모인다[개정판],신,열흘,BL,해당 작품은 도깨비도 수풀이 있어야 모인다 성인 버전의 일부 장면을 수정한 개정판입니다. 매일 밤 귀신이 오는 것도 모자라 죽을 운명에 처하게 된 주은재 . 교통사고 직전의 그를 실수로 구한 도깨비 산 은 저승 명부를 어지럽힌 대가로 은재의 목숨을 책임지게 되는데... 떨어질 수 없는 두 사람 사이에서 싹트는 감정은?,O,레진코믹스
123,123,던전 속 사정[개정판],레바,열흘,판타지,해당 작품은 던전 속 사정 성인 버전의 일부 장면을 수정한 개정판입니다. 마물을 물리치고 얻게 되는 전리품. 그 용도의 새로운 ? 해석으로 인해 재구축된 대륙에 처음 발을 들인 한 소녀는 여러 황당한 사건들을 겪으며 성장해 나가는데... 레바툰 에 이은 레바 작가의 액션개그판타지!,O,레진코믹스
124,124,"튀어나왔어요, BL만화!",마롭-믹,열흘,드라마,"슬럼프로 인해 휴재에 들어간 작가 육번 필명 앞에 그의 만화 네버엔딩 튜토리얼 의 주인공인 권세도가 나타난다. 같은 시각, 자격증 시험공부는 뒤로한 채 만화를 보며 놀고 있는 휴학생 박세영 앞엔 같은 만화의 또 다른 주인공 이장원이 나타나게 되고, 갑작스럽게 만화 속 두 주인공과 얽히게 된 두 사람의 일상은 조금씩 달라지는데",O,레진코믹스
125,125,포젯션,Happykwak,열흘,판타지,인간계 저 아래의 지하왕국 저저저 에서는 17대 대왕의 갑작스런 하야 선언으로 새로운 왕을 뽑는 대회가 시작된다. 급 죄수이자 폐위된 반쪽왕자 제트 도 아버지의 명에 따라 여기에 참가하게 되는데... 뭣이라? 대왕이 되려면 저 찐따를 지켜야 한다고?! 각자에게 주어진 왕좌의 징표 를 지키기 위한 지하인들의 각축전 속에서 과연 제트가 지켜야 할 징표 는 무엇일까?,O,레진코믹스
126,126,비 마이 게스트[개정판],영모 / 티오비,열흘,로맨스,"해당 작품은 비 마이 게스트 성인 버전의 일부 장면을 수정한 개정판입니다. 뜨거운 여름, 오키나와에 배낭여행을 간 연우가 바다에 빠진 것을 계기로 머물게 된 게스트 하우스 유루리 . 연우를 구해준 일본인 훈남과 더불어, 자유로운 삶을 즐기는 다른 숙박객들. 모래와 땀이 섞이는 이곳으로 오세요! 래빗홀 의 영모 작가와 돌아올 땐 해일같이 의 티오비 작가의 핫한 신작!",O,레진코믹스
