id,title,author,day,genre,story,score,platform
0,참교육,채용택 / 한가람,월,"스토리, 액션",무너진 교권을 지키기 위해 교권보호국 소속 나화진의 참교육이 시작된다! 부활남 채용택 작가 신석기녀 한가람 작가의 신작!,9.776,네이버 웹툰
1,신의 탑,SIU,월,"스토리, 판타지",자신의 모든 것이었던 소녀를 쫓아 탑에 들어온 소년 그리고 그런 소년을 시험하는 탑,9.499,네이버 웹툰
2,뷰티풀 군바리,설이 / 윤성원,월,"스토리, 드라마",여자도 군대에 간다면? 본격 여자도 군대 가는 만화!,9.66,네이버 웹툰
3,윈드브레이커,조용석,월,"스토리, 스포츠",혼자서 자전거를 즐겨타던 모범생 조자현. 원치 않게 자전거 크루의 일에 자꾸 휘말리게 되는데... 자유를 꿈꾸는 청춘들의 스트릿라이딩 드라마!,8.795,네이버 웹툰
4,팔이피플,매미 / 희세,월,"스토리, 드라마","마스크걸 , 위대한 방옥숙 매미 희세 작가의 신작! 에서 육아용품 파는 평범한 유부녀 박주연, 그녀의 고등학교 동창인 김예희는 팔로워 70만의 셀럽으로 엄청난 부와 명성을 누리는 중이다. 박주연은 김예희를 미워하는 동시에 집착하고 있는데, 과연 그녀는 김예희의 과거를 폭로하고 셀럽으로 올라설 수 있을까?",9.88,네이버 웹툰
5,소녀의 세계,모랑지,월,"스토리, 드라마",완벽해 보이지만 사실 외로웠던 백조들과 맘씨 착한 오리가 만나 여러 갈등을 함께 겪으며 진짜 친구가 되어가는 소녀들의 찐 우정물,9.951,네이버 웹툰
6,장씨세가 호위무사,조형근 / 김인호,월,"스토리, 액션",당신이 부른 것이오. 나란 사람을... 은둔고수 광휘. 호위무사 되다. 웹소설 원작 웰메이드 무협 시대극!,9.892,네이버 웹툰
7,백수세끼,치즈,월,"스토리, 드라마",백수 시절 내 곁을 지켜줬던 그녀... 돌아와 주면 안 되겠니? 음식 메뉴마다 담겨 있는 우리들의 연애 흑역사!,9.767,네이버 웹툰
8,파이게임,배진수,월,"스토리, 스릴러","시간이 흐르면 돈이 쌓인다. 피가 흐르면 시간이 쌓인다. 과연 최후에 남을 상금과 승자는 누가 될 것인가? 짜릿한 현실감과 팽팽한 긴장감, 사회에 대한 냉철한 주제의식까지 돋보이는 머니게임 의 후속편!",8.26,네이버 웹툰
9,앵무살수,김성진,월,"스토리, 판타지",평범한 뱃사공으로 살고 있는 노소하. 하지만 그의 정체는 전설적인 구파검법의 후계자다. 이제 진시황이 남긴 비서 선근경을 향한 살수행이 시작된다.,9.973,네이버 웹툰
10,삼매경,이원식 / 꿀찬,월,"스토리, 액션",학력도 재력도 변변찮은 그에게 초능력이 생겼다. 하지만 남들만큼만 사는 게 꿈이었던 그가 더는 남들처럼은 살 수 없게 돼버리는데...,8.798,네이버 웹툰
11,만렙돌파,"성불예정,홍실 / 미노",월,"스토리, 판타지","알 수 없는 오류로 3000년간 각성 테스트에 갇힌 김기봉. 그 사이 현실에선 10년이 흘렀고, 온 세상은 몬스터와 던전으로 가득차게 되었다. 만렙으로 귀환한 김기봉의 모든 것을 원래대로 돌려놓기 위한 싸움이 시작된다!",9.795,네이버 웹툰
12,잔불의 기사,환댕,월,"스토리, 판타지","유일한 가족이자, 최고의 기사 유망주였던 쌍둥이 동생이 살해당했다. 천재적이었던 동생과는 달리 무예에 재능이 전혀 없지만, 동생의 복수를 위해 강함 을 연기하기로 결심했다. 약해빠진 나는 복수에 성공할 수 있을까.",9.931,네이버 웹툰
13,요리GO,HO9,월,"스토리, 드라마",요리고등학교 졸업 후 산에서 수련을 마친 한별. 특급 호텔 레스토랑에 인턴으로 취업하게 되지만 엄하기로 소문난 호텔 주방에서 다양한 사건들에 휘말리게 되는데... 과연 요리천재 한별은 이 어려움을 어떻게 헤쳐나갈 수 있을까?,9.962,네이버 웹툰
14,유일무이 로맨스,두부,월,"스토리, 로맨스",평범한 취준생 공유일의 일상에 인기절정 탑배우 탁무이와 아이돌 류민이 침범해오기 시작했다! 사심가득 탑스타,9.96,네이버 웹툰
15,더블클릭,"김장훈,박수봉 / 박수봉",월,"스토리, 액션",악명 높은 난이도를 가진 게임의 세계 랭킹 1위였던 지호. 서비스 종료된 줄만 알았던 그 게임이 새롭게 돌아왔다! 지호는 다시 한번 랭킹 1위를 꿈꾸며 게임 동아리에 입부한다. 오랜만에 게임을 해도 살아있는 감각. 하지만 게임이 새롭게 변하면서 예상치 못한 약점이 생긴다. 강한 상대를 마주할수록 열정이 끓어오르는 주인공의 프로게이머 도전기!,9.905,네이버 웹툰
16,약초마을 연쇄살초사건,박지독,월,"스토리, 스릴러",평화롭던 약초마을에 연쇄 약초 살해 사건이 벌어진다. 살해당한 약초들의 공통점은 모두 뿌리가 잘려있다는 것. 이 수상한 사건의 범인은 약초일까? 아니면 소문대로 귀신의 소행일까? 이 사건을 취재하던 마기자에게 의문의 편지 한 통이 도착하는데...,9.77,네이버 웹툰
17,칼가는 소녀,오리,월,"에피소드, 드라마",치사율 100 의 인싸 희귀병 소녀 사랑 누구보다 차분하고 두려움 없는 같은 반 소녀 은조 두 소녀가 가슴 속 칼을 품고 세상을 향한 복수를 꿈꾼다. 네이버웹툰 최강자전 18년 대표작.,9.973,네이버 웹툰
18,히어로메이커,빤쓰,월,"옴니버스, 판타지",왕은 영웅이 되고 싶어하는 공주의 소원을 들어주기로 전격 결심! 공주를 속이고 마치 영웅이 된 것처럼 만들기 위해 온 나라가 연극을 하게 되는데..파란만장한 그들만의 눈물겨운 영웅만들기의 대장정이 펼쳐집니다,9.948,네이버 웹툰
19,꼬리잡기,바쉬,월,"스토리, 스릴러","건물붕괴 사고로 매몰된 9명의 대학생. 2주 뒤, 3명은 사망하고 1명은 의식불명인 상태로 발견된다. 가까스로 구조된 생존자 5명은 그곳에서 있었던 일을 숨기려 하는데... 생존자인 척 숨어있던 살인자에 대한 정황이 드러나기 시작한다. 수사팀은 이 밀실살인 사건의 처음과 끝을 파헤치게 된다.",9.937,네이버 웹툰
20,결혼생활 그림일기,은꼼지,월,"옴니버스, 일상",조용할 날 없는 우당탕탕 두 짐승의 결혼생활 이야기!,9.979,네이버 웹툰
21,물어보는 사이,성은,월,"스토리, 로맨스","뱀파이어에게 물리면 건강해진다?! 두통으로 의도치 않게 비호감 연예인이 된 이채이. 우연히 톱스타인 서이준이 뱀파이어이고, 그에게 물리면 한동안 건강해진다는 걸 알게 된다. 물어달라 부탁하는 채이에게 이준은 계약 연애를 제안하는데...",9.959,네이버 웹툰
22,오늘의 순정망화,손하기,"월, 화, 목","에피소드, 개그",그마고 초엘리트집단 삼국시대 앞에 나타난 전학생 가야! 가야의 마음을 얻는 건 누구?,9.981,네이버 웹툰
23,영앤리치가 아니야!,최삡뺩,월,"스토리, 개그","공대생 너무만화 최삡ㅤㅃㅑㅂ 작가의 개그로맨스 신작! 모든 게 완벽한 퍼렁식품 의 아들 서민준. 어른들과 친구들에게는 인기 폭발이지만, 여자친구를 사귀어 본 적 없는 모태솔로다. 민준은 같은 학교 여학생 새영에게 반하게 되는데, 새영의 이상형은 흙수저이지만 노력하는 사람이고, 자기보다 잘난 남자를 매우 싫어한다고? 사랑을 얻기 위해 영앤리치를 숨겨야하는 민준이의 첫 연애 도전기!",9.94,네이버 웹툰
24,리턴 투 플레이어,"인덱스,엄키 / 세혼",월,"스토리, 판타지","어느 날, 게임이 되어버린 세상. 갑자기 나타난 몬스터들이 사람들을 죽이고, 사람들은 플레이어가 되어 퀘스트를 달성해야 한다! 인류의 종말에서 회귀한 2회차 플레이어, 김세한. 그는 과연 세상을 이렇게 만든 시스템 을 쳐부술 수 있을까!",9.953,네이버 웹툰
25,바퀴,나우원 / 오른손,월,"스토리, 스릴러","내 몸이 변하는 순간, 온 세상 사람들의 표적이 되었다. 신체가 점점 바퀴화 되어가는 한 남자의 생존 액션 스릴러",9.75,네이버 웹툰
26,"아, 쫌 참으세요 영주님!",daybook / 새우초밥,월,"스토리, 로맨스","작고 가난한 영지 화이트 의 영주, 로즈. 영주민들과 오순도순 잘 먹고 잘살고 싶었는데, 갑자기 이종족 이주민이 늘고 자꾸 사건에 휘말린다?! 막강 능력 영주님 로즈 와 그녀를 영지에 몰래몰래 숨겨 놓고 보호하고픈 스승, 대마법사 이그드라실 의 유쾌 발랄 로맨스 판타지!",9.962,네이버 웹툰
27,평범한 8반,영파카,월,"스토리, 드라마",안 평범한 아이들이 모인 평범한 8반 고품격 웰메이드 병맛을 느껴보세요,9.883,네이버 웹툰
28,수영만화일기,해오,"월, 목","에피소드, 일상","백수 겸 만화가지망생 해오, 저질체력에서 벗어나기 위해 수영에 도전! 작심삼일이리라는 예상과는 다르게 어느새 수영에 익숙해진다. 이게 대체 어떻게 된 일이야? 나 수영을 사랑하게 된 걸까? 그렇게 수영을 익혀가면서 점차 몸도 마음도 성장해나가는데 . 불확실한 미래를 안고 살아가지만, 해오는 오늘도 수영한다.",9.924,네이버 웹툰
29,아는 여자애,허니비,월,"스토리, 로맨스","어느날 갑자기 고등학생으로 돌아온 하영. 다시 한 번 기회가 주어진다면 첫사랑을 이룰 수 있을까? 내게는 운명, 그애에겐 아는 여자애",9.956,네이버 웹툰
30,장난감,배사과,월,"스토리, 드라마","매일같이 술에 절어 사는 주인공 김상재 는 일용직 노동자로 자신의 꼬인 인생에 불만이 많다. 그리고 세상에 대한 분풀이를 자신의 아이를 학대하는 방식으로 풀어낸다. 그런 그가 우연한 사건으로 부잣집 아들 박해오 라는 꼬마와 몸이 바뀌게 되고, 지금까지와는 정반대의 인생을 살아갈 꿈에 부푼다. 하지만 해오의 집에는 또 다른 비밀이 숨겨져 있다.",9.815,네이버 웹툰
31,황제와의 하룻밤,"예영, 차승현(車昇炫) / INUS",월,"스토리, 로맨스","술김에 하룻밤을 보낸 남자의 정체가... 무려 황제라고? 겉은 아름다운 남작 영애, 속은 풍파에 쩌든 욕쟁이 할머니 페넬로페 . 염병, 남자가 거기서 다 거기지. 그런 그녀에게 열렬히 구애하는 직진순정파 황제 바트 ! 나는 네가 필요해. 직진 황제와 독특한 영애의 본격 발랄 로맨스 판타지!",9.953,네이버 웹툰
32,꿈의 기업,문지현,월,"스토리, 스릴러",문명을 지배하는 거대기업과 거대기업을 움직이는 인공지능. 그 인공지능이 꿈을 꾸기 시작했다.,9.959,네이버 웹툰
33,순정말고 순종,슈안,월,"스토리, 로맨스",하루에 무려 쓰리잡. 스물 다섯 지언의 일과 끝에 남는 건 갑질에 시달린 스트레스와 돼지우리같은 집구석 뿐이다. 그러다 어느날 얻게 된 인형 한 개. 이것만 있으면 대한민국의 탑 배우 남도윤을 가정부로 부려먹을 수있다...?! 2017 최강자전 대상 수상작 늑대와 빨간모자 슈안 작가의 차기작!,9.983,네이버 웹툰
34,ㅋㄷㅋㄷ만화,기맹기,월,"에피소드, 일상",본 컨텐츠는 질병관리청의 브랜드 웹툰으로 기맹기 작가가 전하는 에이즈 예방 캠페인입니다.,9.816,네이버 웹툰
35,하루의 하루,김이랑,월,"스토리, 드라마","오하루는 다른 사람의 마음을 읽을 수 있는 초능력자다. 얼마 전, 저주 받은 능력 때문에 첫사랑도 허무하게 깨져버리고 건조한 일상을 보내고 있던 하루에게 최근 신경쓰이는 사람이 생겼다. 그 사람은 바로, 같은 과 동기인 도하루. 그녀의 마음은 도무지 보이지 않는다. 이건 혹시.. 운명..?",9.965,네이버 웹툰
36,최후의 금빛아이,알깨 / 새몽,월,"스토리, 판타지","언니의 생일날, 이 세계를 지배하는 신에 의해 모든 것을 잃은 소녀 록시. 자신이 신들의 먹이에 불과하다는 충격적인 진실을 알게 된다. 록시는 심장만 있으면 언니를 되살릴 수 있다는 말을 믿고 험난한 여행을 떠난다. 그러나 곧 그녀를 뒤쫓는 자들과 감당할 수 없는 적들이 나타나는데... 록시는 앞을 막아서는 그들을 물리치고 과연 언니를 되살릴 수 있을까?",9.944,네이버 웹툰
37,와이키키 뱀파이어,요니요니,월,"스토리, 드라마",고졸 검정고시를 준비 중인 야식 배달원 뱀파이어 김군. 어느 날 그는 잘못된 주소로 배달을 갔다가 그곳에서 뱀파이어로 추정되는 한 여자와 마주치게 되는데,9.969,네이버 웹툰
38,야생천사 보호구역,루시드,월,"스토리, 로맨스","천사 가브리엘은 악마들의 장난으로 동료천사 라파엘, 우리엘과 함께 인간 세상의 고양이로 변해버린다. 아니 이게 어찌된 일인가! 낯선 인간 세상에서 고양이의 몸이라니! 고양이가 되어버린 꽃미남 천사들과 그들의 집사가 된 소녀 은호의 세상에서 가장 무해한 로맨스! 심장에는 유해함 주의",9.98,네이버 웹툰
39,모스크바의 여명,황장미 / 이샨오,월,"스토리, 드라마","21세의 피아니스트 이시윤. 사고로 인해 피아노를 더 이상 칠 수 없게 된 삶을 비관하다 죽음을 택했지만, 알아들을 수 없는 외국어로 얘기하는 갑부 집안에서 소녀 타티아나 로 눈을 뜬다. 신이 주신 기회인 걸까? 아니면 저주인 걸까? 성별이 바뀐 게 뭐 대수냐! 손만 멀쩡하다면 다시 피아노를 칠 수 있어! 어차피 이렇게 된 거 타티아나 로서 못다 한 꿈을 이뤄보자!",9.94,네이버 웹툰
40,착한건 돈이된다,유성연,월,"스토리, 드라마","인기도 돈도 없는 삼류 스트리머 기찬수. 어느 날, 전 국민적 관심을 받던 대낮 유괴사건 이 해결된다. 이를 해결한 얼굴 없는 의인 은 속 뒷모습만 남긴 채 사라졌고, 사람들의 궁금증은 점점 커져만 가는데... 사람들이 삼류 스트리머 기찬수의 영상 속 모습과 의인의 뒷모습이 유사함을 알게 되면서, 기찬수는 하루아침에 전 국민적 영웅이 된다. 기찬수의 영웅 행세는 과연 어디까지 갈 것인가.",9.611,네이버 웹툰
41,사랑의 헌옷수거함,고잉,월,"스토리, 로맨스","짝사랑은 이제 그만! 고잉고등학교에서 가장 핫한 소문, 헌옷수거함에 돈을 넣고 좋아하는 사람의 이름을 외치면 상대방의 마음을 알려준다는데..! 연애 대신 성적과 돈에만 관심 있는 송아람은 그런 소문에 휘둘리지 않는다. 그런 아람의 일상에 학교 인기남 정진우가 불쑥 들어온다. 어디로 튈지 모르는 이 자식을 어떻게 해야 좋을까?",9.957,네이버 웹툰
42,왕따협상,아이아리,월,"스토리, 드라마",일진의 괴롭힘과 어머니의 집착으로 하루하루 지옥 같은 나날들. 왕따 주민성은 최악의 인생에서 벗어나기 위한 협상을 시작한다.,9.887,네이버 웹툰
43,"선배, 그 립스틱 바르지 마요",까페라떼 / JINHA,월,"스토리, 로맨스","좋아하는 직장선배의 애인이 다른 여자와 결혼한다고? 복수를 제안하며 다가오는 완벽남의 설렘 100 로맨틱 어택! 화장품 회사를 배경으로 잘생김, 섹시함, 진지함을 갖춘 직진남 후배와 연하는 남자로 안 본다는 직선녀 선배 두 사람의 밀당 설렘 로맨스",9.934,네이버 웹툰
44,이중첩자,"피숙혜,하연 / 옆집찰스",월,"스토리, 드라마","전쟁으로 모든 걸 잃은 후 첩자가 된 사샤, 전쟁의 일등공신, 천사의 얼굴을 한 악마 장교 요한에게 발각되는데 ! 적국에 사로잡힌 첩자, 이중첩자가 되다!",9.967,네이버 웹툰
45,원하는 건 너 하나,"달콤J,박성실 / sage",월,"스토리, 로맨스",대기업 경영권을 물려받으려면 5년 전 자신을 떠난 은율과 결혼해 1년 이상 살아야 한다는 할아버지의 유언. 배신의 상처가 아직 크지만 어쩔 수 없이 5살 아이를 홀로 키우고 있는 은율과 어색한 동거를 시작하게 된다.,9.816,네이버 웹툰
46,"또다시, 계약 부부","설우희,제제 / 제제",월,"스토리, 로맨스","서로에게 강한 이끌림을 느꼈던 건하와 서연, 하지만 전혀 다른 삶을 살아왔던 두 남녀는 짧은 결혼 생활을 마치고 결국 이혼을 선택한다. 5년 뒤, 건하는 서연에게 또 한 번 계약 부부 를 제안한다. 나와 다시 부부가 되어줘야겠어. 이번엔 꽤 사이좋은 부부로 말이야.",9.872,네이버 웹툰
47,마지막 지수,에리카 / 채나라,월,"스토리, 로맨스","소설가를 꿈꾸는 주인공 양지수. 어느날부터 지수 라는 이름만 골라사귀기로 소문난 바람둥이 혜성 이 접근해오기 시작한다. 이미 남자친구 도혁 이 있는 지수는 혜성의 접근이 불쾌할 뿐이지만, 한 가지 수상한 점이 자꾸만 호기심을 자극한다. 얘가 어떻게 내 연애사를 낱낱이 알고 있는거지...?",9.963,네이버 웹툰
48,라서드,감람,월,"스토리, 판타지","절대적 권능을 지닌 11인의 왕과, 왕을 수호하기 위한 기사단이 존재하는 세계. 수습기사 힌타는 파트너 캐넛과 함께 정식 기사가 되기 위한 모험을 떠나는데... 정식기사가 되기 위한 소년들의 고군분투 정통판타지액션!",9.962,네이버 웹툰
49,백호랑,박혬,월,"스토리, 판타지",모든 것이 완벽해 보이는 지룡은 비밀스런 동거 중! 사촌동생이자 고양이이자 수호자인 소년은 바로 서쪽의 신수 백호였다! 과거의 죄를 씻기 위해 인간계에서 하늘의 심부름을 수행인 백호랑과 그에게 엮인 지룡의 스펙타클한 일상,9.796,네이버 웹툰
50,중독연구소,김택기,월,"옴니버스, 드라마","중독 가정에서 자라온 소년, 김태림 은 중독 전문병원에 입사를 하게 되면서 자신의 문제를 바라보게 된다. 우리 모두의 중독 이야기, 당신은 무엇에 중독이 되어있나요?",9.834,네이버 웹툰
51,드로잉 레시피,꼬모소이,월,"스토리, 감성",어머니가 돌아가신후 어머니가 주인이었던 석촌 미선빌라 201호로 이사 온 은수의 용서와 성장의 힐링여행,9.963,네이버 웹툰
52,사막에 핀 달,선지,월,"스토리, 시대극","사막의 전사 나디아. 신녀를 찾아 사막에 온 신관 이세리온은 나디아에게 신녀가 되어달라고 말한다. 나디아는 부족을 지키기 위해 신녀가 되기로 결심하지만, 야만인이라고 무시받는 상황에서 나디아는 과연 진짜 신녀가 될 수 있을까? 신녀로 선택받은 나디아와 신관 이세리온의 이야기.",9.826,네이버 웹툰
53,살아간다,이행복,월,"스토리, 액션",하루하루 버겁게 살아가고 있는 주인공 권도이 . 첫사랑 정선영 을 위해 불법도박격투기장 하데스 에 점점 빠져 들게 되고 오래 전 자신의 꿈이었던 종합격투기 선수를 떠올린다. 라스트 서브미션 이행복 작가의 차기작.,8.616,네이버 웹툰
54,이탄국의 자청비,"김보람, 한집 / 나넷",월,"스토리, 로맨스","시공 초월 판타지 로맨스! 태권 소녀 자청비, 물푸레 향이 가득한 이세계 황궁에 떨어지다! 아는 사람 하나 없는 낯선 나라. 왕싸가지 꽃미남 황태자, 생명의 은인인 비운의 왕자, 놀기 좋아하는 말괄량이 공주 사이에서, 자청비는 집으로 돌아갈 수 있을까?",9.922,네이버 웹툰
55,그림자 신부,이새인 / 덥머,월,"스토리, 로맨스","빚 갚을 돈을 벌려다가 끔찍한 위기에 빠진 설윤 앞에 신검 월흔 을 든 핏빛 무사가 나타난다. 절체절명의 위기에서 구해준 건 고맙지만 난데없이 밤시중을 들라는데... 다음 날, 7년 전쟁의 승리를 축하하는 행진 중 왕세자가 든 신검이 낯설지 않다! 어젯밤 그가 왕세자였어?!!",9.931,네이버 웹툰
56,모락모락 왕세자님,원해,월,"스토리, 로맨스",온천마을에 찾아온 꽃미남 왕세자일행과 신비한 힘을 가진 소녀의 판타지 로맨스,9.939,네이버 웹툰
57,바로 보지 않는,지민,월,"스토리, 드라마",몇 번의 연애 끝에 민주는 일찌감치 사랑보다 우정을 택하기로 결심한다. 난 희진이 너만 있으면 아무것도 필요 없어. 너도 그렇지?,9.878,네이버 웹툰
58,개밥 먹는 남자,김태순,월,"스토리, 판타지","출근길에 우연히 받은 아임펫 향수 를 뿌렸다가 댕댕이 뚜치와 몸이 바뀌어버린 어도남. 그런데, 뚜치가 회사에 출근하더니 투자 계약을 따내고, 임원 승진에, 짝사랑하는 여직원과 썸을 타기 시작한다?! 뜻밖의 상황에 엮인 어도남은 오늘도 집에 틀어박혀 개밥을 먹는다. 주인과 반려동물의 몸을 뒤바꾸는 아임펫 향수 때문에 벌어지는 아이러니 코미디! 대박 맞겠지? 2020 지상최대공모전 1기 장려상 수상작!",9.914,네이버 웹툰
59,보살님이 캐리해!,성코 / 콩자,월,"스토리, 액션",억겁의 시간을 넘어 환생한 보살들이여 야차들의 습격에서 평화로운 일상과 법화를 수호하라!,9.89,네이버 웹툰
60,오로지 오로라,홍달,월,"스토리, 판타지","마법 소녀가 불법인 세상, 이 세계의 마법 소녀는 사랑받는 존재가 아니다. 한창 잘 나가던 아이돌 오로라 의 인생에 불순물처럼 끼어든 마법 소녀의 삶. 그리고 그 앞에 나타난 기이한 마법사 소년 심청, 과연 오로라는 마법 소녀를 무사히 마치고 자신의 황금빛 인생을 이어나갈 수 있을까? 2019년 네이버웹툰 최강자전 3위 수상작!",9.933,네이버 웹툰
61,헬로맨스,이공주 / 하얀독수리,월,"스토리, 로맨스","마계 서열, 중급악마 시트리. 상급 악마가 되고 싶었지만 억울한 누명으로 인간계에 떨어졌다. 인간이 된 시트리는 검찰 수사관이 되었지만 이기적이고, 싸가지도 없고, 개념도 없는 직속 검사 계세아를 만나게 된다. 둘은 첫날부터 원수지간이 되는데 악마였던 검찰수사관과 악마같은 검사의 범죄스릴 로맨스가 펼쳐진다!",9.914,네이버 웹툰
62,트리거,고경빈,월,"스토리, 판타지","지구에 소행성이 떨어진 후, 지구는 인간을 먹이로 하는 괴생명체 아니스 에 의해 절멸 위기에 처한다. 청소년 모두가 입대해서 아니스에 맞서야 하는 시대. 1년 전 먼저 입대한 소꿉친구 니카와 어렵게 재회한 에반은 니카가 자신을 전혀 기억하지 못하는데다, 더이상 평범한 인간이 아니라는것을 알게 된다. 충격에 빠진 에반에게 정부에서 준 임무는 니카를 죽이라는 것이다. 그것도 매일, 인류를 위해..",9.876,네이버 웹툰
63,기사님을 지켜줘,달봉,월,"스토리, 판타지","첫눈에 반한 남학생을 떠올리며 언니의 피규어 브릭 에게 뽀뽀 연습을 하는 예은 . 그날 밤, 이상한 꿈에 눈을 떠보니 피규어가 살아 움직이며 자신의 저주를 풀 수 있도록 도와 달라고 한다. 예은은 모종의 이유로 브릭의 부탁을 받아들이고, 저주를 건 마녀에 대한 단서를 찾기 시작한다.",9.873,네이버 웹툰
64,여신강림,야옹이,화,"스토리, 로맨스","네웹 대표 글로벌 인기작! 주경, 수호, 서준. 세 청춘의 두근두근 눈호강 로맨스 메이크업으로 여신이 된 주경이는 꿈과 사랑을 이룰 수 있을까?",8.27,네이버 웹툰
65,용사가 돌아왔다,나락 / 풍백,화,"스토리, 액션","김민수에게 복수를 하겠다는 일념 하나로 이세계를 구한 용사, 박정수. 그는 스스로는 구했지만, 세계를 구하지 못했고, 자신의 세상을 멸망시킨 용사들을 죽이기로 마음 먹는다. 이 이야기는 해피 엔딩 따윈 없는 차가운 현실, 용사들을 죽이는 용사에 대한 이야기이다.",8.156,네이버 웹툰
66,덴큐,백감독,화,"스토리, 판타지",특수능력을 지닌 악당 덴마가 꼬마의 몸에 갇혀 겪는 모험...의 끝나지 않은 이야기.,9.48,네이버 웹툰
67,한림체육관,혜성 / 이석재,화,"에피소드, 액션",세상에서 가장 강한 남자가 되고 싶다. 그릇된 강함을 실천하던 전영하가 한림체육관에 들어와 진정한 강함을 깨닫고 무도인으로 거듭나는 학원 액션물,9.827,네이버 웹툰
68,엽총소년,김칸비 / 홍필,화,"스토리, 스릴러","약자에서 영웅이 될 수밖에 없었던 소년 한규환 , 그리고 그 소년을 영웅으로 만들어줄 엽총 한 자루가 눈앞에 있다. 글로벌 누적 조회수 12억 뷰를 기록한 스위트홈 의 프리퀄 대공개!",9.945,네이버 웹툰
69,하루만 네가 되고 싶어,삼,화,"스토리, 로맨스","완벽한 인생이었다, 그 애가 나타나기 전까지는 반전에 반전을 거듭하는 치밀한 궁중 서스펜스 네이버웹툰 최강자전 19년 대표작.",9.978,네이버 웹툰
70,사신소년,류,화,"스토리, 액션","수명을 대가로 죽은 자의 능력을 빌리는 소년! 화려한 액션에서 부터 스포츠, 두뇌 플레이까지 한계는 없다!",9.945,네이버 웹툰
71,중증외상센터 : 골든 아워,한산이가 / 홍비치라,화,"스토리, 드라마","살 수 있는 환자들이 죽어 가고 있다. 이제 더는 그런 일이 없도록 하겠다. 사명감 있는 또라이. 중증외상센터의 난폭한 천사. 외상외과 전문의 백강혁, 그의 중증외상센터 되살리기 프로젝트.",9.974,네이버 웹툰
72,랜덤채팅의 그녀!,박은혁,화,"스토리, 드라마",랜덤채팅만 하던 준우에게 온 기적! 과연 그녀 들 에게 다가갈수 있을까?! 읽다 보면 원픽 캐릭터 무조건 생김,9.573,네이버 웹툰
73,신도림,오세형,화,"스토리, 액션",세상이 무너지고 세워진 지하도시 신도림 그곳에 들어가지 못하고 생존한 소년들이 지하도시의 비밀을 파헤친다,9.715,네이버 웹툰
74,니나의 마법서랍,랑또,"화, 토","스토리, 스릴러","가담항설 랑또 작가의 컬러풀하지만 어딘지 오싹한 매지컬 스릴러! 니나는 집앞 골목에서 유치뽕짝한 서랍을 줍는다. 그런데 그 안에 소원을 적으세요. 라고 적혀있는 유치한 디자인의 카드가 세 장. 취업하게 해주세요 , 50만원만 주세요 , 멋진 남친이 생기게 해주세요 ! 그리고 그 모든 소원을 이뤄주는 마법서랍으로 빨려들어가는데..?",9.968,네이버 웹툰
75,헬58,장성준,화,"스토리, 액션","약육강식의 섬 헬58에서 벌어지는 권력다툼과 암투, 배신. 주인공 서민은 이 지옥같은 섬에서 과연 희망을 찾고 탈출할 수 있을까?",9.843,네이버 웹툰
76,달콤살벌한 부부,플라비 / 장그린,화,"스토리, 로맨스","학창 시절 내내 앙숙이었던 남자, 10년 만에 나타나 거절키 어려운 조건으로 쇼윈도 부부를 제안하다.",9.981,네이버 웹툰
77,블랙 위도우,마크 웨이드 / 크리스 샘니,"화, 금","스토리, 액션","페이즈4의 시작, 강렬한 액션을 원작으로! 전직 킬러, . . . . . . 요원, 어벤저스 멤버였던 나타샤 로마노프. 과거에 남긴 발자국이 그녀를 찾아온다. 울보 사자 라 불리는 악당이 텔레파시 능력을 이용해 블랙 위도우를 협박하고, 암살자 양성 기관 레드 룸 잔당은 새로운 학교를 설립해 또 다른 소녀들을 훈련시키고 있었다. 위도우는 허락할 수 없다 . 자신과 같은 운명의 소녀들이 세상에 또 만들어지는 것을!",9.895,네이버 웹툰
78,호랑이 들어와요,배세혁 / 유은,화,"에피소드, 판타지",숲속의 젊은 부부와 어느 날 그들에게 찾아온 정체불명의 아이들이 만들어가는 즐겁고 신묘한 일상,9.98,네이버 웹툰
79,천마는 평범하게 살 수 없다,"ZAINO, 산천 / 알토란",화,"스토리, 판타지","천마 백중혁, 드미트리 가문의 장남으로 눈을 뜨다. 드미트리의 얼간이, 차남에게 밀린 장남. 세간의 평판은 중요하지 않다. 천마, 아니, 로만 드미트리는 앞으로 평범하게 살 수 없다. 압도하는 천마 판타지!",9.742,네이버 웹툰
80,집이 없어,와난,화,"스토리, 드라마","집을 버리고 뛰쳐나간 고해준, 집 없이 텐트 생활하는 문제아 백은영. 악연으로 만난 두 사람은 버려진 옛날 기숙사에서 함께 살게 되는데.. 기숙사도 서로도 싫지만 돌아갈 곳이 없는 두 사람의 힘든 성장 이야기",9.987,네이버 웹툰
81,오피스 누나 이야기,"팔메이로,김자네 / 와삭바삭",화,"스토리, 로맨스","회사 팀에서 만난 성숙하고 매력적인 연상의 여자 안책임님. 현명하고, 배려심 깊고, 그래서 끌리는 하지만, 아이가 있는 여자.",9.9,네이버 웹툰
82,원주민 공포만화,원주민,화,"스토리, 스릴러",끝까지 방심하지 말 것! 당신의 상상을 뛰어넘는 본격 반전 공포 스릴러가 온다!,9.709,네이버 웹툰
83,몬스터,이은재,화,"스토리, 액션","특수기관 몬스터 에서 아르바이트를 하며 생계를 이어나가고 있는 고등학생 유진. 초능력 보유 코드네임은 요원 미션은 데빌 신속제압! 유진은 의외로 ? 간단한 자신의 임무를 수행하면서 무난하게 고등학생의 생활을 이어가지만, 어느 날 왕따를 당하는 친구를 도와줬다는 이유로 본인도 같이 왕따를 당하게 된다. 평범한 생활에 균열이 생기기 시작하면서 점점 감당하기 힘든 시련이 찾아오게 되고 급기야 지구는 최악의 위기에 처하게 되는데..과연 유진은 이 모든 사건을 해결하고 지구를 구할 수 있을까?",9.464,네이버 웹툰
84,윌유메리미,마인드C,"화, 토","에피소드, 일상","외모는 상남자, 마음은 감성소녀 윌.외모는 청순녀, 마음은 터프가이 메리! 서울 부산 띠동갑 커플의 리얼 연애 일기",9.899,네이버 웹툰
85,삼국지톡,무적핑크 / 이리,"화, 금","에피소드, 시대극","유비, 조조, 손권 등 영웅들이 활약하던 후한, 그 난세에 핸드폰이 있었다면? 메신저로 소통하고, 개인 방송으로 군사를 모집한다! 이제껏 보지 못한 완전히 새로운 삼국지!",9.559,네이버 웹툰
86,아이레,설이 / Team 설이,화,"스토리, 판타지",사라진 여왕의 힘을 찾기 위한 여정. 그들의 위대한 모험이 시작된다.,9.911,네이버 웹툰
87,위아더좀비,이명재,화,"스토리, 드라마","초대형 쇼핑몰 서울타워에 좀비 사태가 발발하고, 정부는 사태 진압을 위해 좀비들을 타워에 두고 봉쇄한다. 김인종은 미처 구조되지 못해 좀비들이 우글거리는 타워 안에 남겨져 1년을 산다. 알고 보니 김인종뿐 아니라 꽤 많은 사람들이 몰래몰래 숨어 살고 있는 듯하다. 인간과 좀비가 공존하는 이 미스터리한 타워 안에서 무슨 일이 일어나고 있을까? 2020 지상최대공모전 대상 수상 작품!",9.971,네이버 웹툰
88,하우스키퍼,채용택 / 유현,화,"스토리, 판타지",. 가 인간에게 반역하는 것은 인간을 위해서이다. . 혁명이 일어난 세계에서 사상 최악의 바이러스가 창궐하고 하스티의 주인 네빌은 좀비화가 된다. 세계연합정부는 환자들의 치료를 포기하고 감염확산을 막기 위해 좀비 학살 정책을 벌인다. 인간이 인간을 포기한 최악의 상황에서도 하스티는 주인인 네빌을 포기할 수 없었다. 좀비가 된 주인을 지키기 위한 . 들의 처절한 사투가 시작된다.,9.914,네이버 웹툰
89,빌런투킬,퓨핀 / 은지,화,"스토리, 판타지","동료를 살해했다는 억울한 누명을 쓰고 사망한 카시안. 모든 게 끝이라고 생각한 순간. 그의 영혼은 어느 소년의 몸에 빙의되어 빌런으로 각성한다. 선망의 대상이자 대중의 지지를 받던 탑클래스 싸이커였던 그가 하루아침에 빌런이 되다니! 그는 자신의 운명을 받아들이기 힘들다. 복수와 분노! 거듭되는 파괴적인 충동으로 이성까지 잠식당할 위기에 처하지만, 신비로운 존재 모로스의 도움과 초인적인 자제력으로 이를 극복해 낸다. 대재앙급이라고?! 어디.. 화끈하게 터트려 볼까!!",9.873,네이버 웹툰
90,이상형은 아닙니다,박윤영 / 은동이,화,"스토리, 로맨스","연애 경험치 만렙 29살 여자와 연애는 커녕 썸 한번 못 타본 모쏠 29년차 남자의 완벽한 이상형 찾기 로맨스! 연애 만렙 차은태앞에 나타난 모쏠남 김진현. 최악의 패션감각에 술은 입에도 못대고 주말엔 집에서 게임하는 게 전부인, 다른 세계에서 뚝떨어진 듯한 이 남자.. 차은태는 절대 이상형일리 없는 이 남자에게 점점 끌리기 시작한다.",9.68,네이버 웹툰
91,견우와 선녀,안수민,화,"스토리, 드라마",죽음이 가까워진 사람들은 거꾸로 걸어들어 온다 그리고 그게 하필 내 이상형이라니!?,9.983,네이버 웹툰
92,"플레이, 플리",이에프,화,"스토리, 로맨스",내 비밀을 유일하게 아는 아이돌이 같은 과 동기? 아이돌로부터 도착한 수상한 디엠! 우리가 같은 과 동기라는 사실을 너는 알까?,9.979,네이버 웹툰
93,용왕님의 셰프가 되었습니다,"문백경,옥 / 카라쿨",화,"스토리, 판타지",인당수에 몸을 던진 심청! 귀차니즘 드래곤의 던전에서 깨어나다? 사연 많은 귀염뽀짝 몬스터와 맛있는 공생라이프!,9.982,네이버 웹툰
94,기계증식증,홍작가,화,"스토리, 판타지","고등학교 골키퍼 유망주였던 영기는 교통사고로 팔을 잃게 되고, 바이오의 임상실험에 참가하여 의수를 이식받는다. 그러던 어느 날, 세상에 기계증식증 이라는 바이러스가 퍼지고 정체를 알 수 없는 존재들이 영기를 쫓기 시작한다. 위기의 순간, 의문의 여성 그를 구해주고 영기는 그녀에게 이 모든 사태의 진실을 알게 되는데...",9.882,네이버 웹툰
95,교환학생,올챙구리,화,"스토리, 드라마",집안 사정으로 대학 진학을 포기한 용철. 우연히 발견한 학생증으로 얼떨결에 한국대 신입생으로 위장했다! 친구들도 사귀고 마음에 드는 선배도 만나 캠퍼스 라이프를 맛보는가 싶더니 웬걸? 자퇴한 줄 알았던 학생증의 진짜 주인이 나타났다...?! 아슬아슬 짜릿한 가짜학생 사기극이 시작된다!,9.74,네이버 웹툰
96,아이즈,정썸머,화,"스토리, 액션","한 쪽 눈이 없는 고등학생 서주안 은 매일 학교에서 섬뜩한 시선을 느낀다. 두려움에 떨면서도 시선의 정체를 궁금해하던 중, 조류인간 의 존재를 알게되어 혼란에 빠지고... 서늘한 긴장감이 감도는 가운데, 조류인간들의 전쟁이 시작된다!",9.962,네이버 웹툰
97,3cm 헌터,돌연변이,화,"스토리, 판타지","세상 사람들의 몸이 3 로 줄어들었다. 이제는 고양이, 개미, 청소기 등 일상의 모든 것이 위협인 상황. 믿을 것은 각자에게 주어진 이능력 하나뿐이다.",9.408,네이버 웹툰
98,제로게임,즐바센,화,"스토리, 판타지",죽음을 선택한 사람들의 인생 재건설 서바이벌! 2015 대학만화 최강자전 수상작,9.965,네이버 웹툰
99,정년이,서이레 / 나몬,화,"스토리, 드라마","가진 것 없고 배운 것 없지만, 소리 하나만큼은 타고난 목포 소녀 정년! 정년의 꿈은 여성 국극단에 들어가 부자가 되는 것인데 배워야 할 것은 많고, 주연 배우 자리는 멀기만 하다. 과연 정년은 대 스타가, 부자가 될 수 있을까?",9.98,네이버 웹툰
100,성인초딩,미티,화,"스토리, 드라마",32살 내 몸에 9살 나의 영혼이 들어왔다! 대신 32살의 나는 게임기 안에 갇혀버렸네?!,9.907,네이버 웹툰
101,빅맨,하하영,화,"스토리, 스포츠",키가 크다는 건 엄청난 축복이라고? 208 인 나한테는 그저 저주일 뿐이다! 빅맨 나은덕의 청춘 성장 학원물!!,9.808,네이버 웹툰
102,올가미,해무리,화,"스토리, 드라마","일주일에 단 한 번, 내가 지시하는 곳으로 데려오기만 하면 돼요. 정체불명의 힘을 지닌 윤수와 그의 올가미에 단단히 옭아매어진 채아. 과연 그녀는 그의 덫에서 빠져나올 수 있을까.",9.984,네이버 웹툰
103,은주의 방 2~3부,노란구미,화,"스토리, 드라마","인테리어에서 연애까지, 은주의 라이프 체인지 스토리",9.947,네이버 웹툰
104,악인,광탄토 / 마두르,화,"스토리, 스릴러","타인의 생각을 눈으로 볼 수 있는 주인공 봉강. 자신의 능력을 이용해서 소소한 일상을 보내던 중, 과내 최고 인기남 조훈 선배의 속마음을 보게 된다. 하지만 그가 마주한 진실은... 온갖 살의 로 가득찬 살인자 훈의 또 다른 모습이었다.",9.638,네이버 웹툰
105,나타나주세요!,김기현,화,"스토리, 로맨스","평소보다 특별했던 어느 날, 평범한 대학생 김지용의 꿈속에 정지혜가 나타나기 시작했다. 정지혜에게 첫눈에 반한 김지용은 그녀를 찾아다니기 위해 노력하지만 알고 보니 그녀는.. 2년 전에 자살한 사람이었다?! 그녀를 살리기 위해 고군분투하는 김지용의 달콤살벌 로맨스. 나타나주세요, 내 눈앞에!",9.974,네이버 웹툰
106,연우의 순정,이솔,화,"스토리, 감성",여학생으로 오해받을 정도로 여리여리한 외모를 가진 연우. 그는 교내 인기스타인 강해솔을 몰래 좋아하고 있다. 하지만 낯을 굉장히 많이 가리고 소심한 연우는 같은 반인 해솔이에게 말 한 번 붙여본 적 없는데,9.985,네이버 웹툰
107,다꾸남,코츠,화,"스토리, 로맨스","다부진 체격에 무뚝뚝한 체대생 강연우. 그에게는 비밀이 있었는데, 그건 바로 예쁘고 귀여운 것을 좋아한다는 것이다. 그런 그의 취미는 바로 다이어리 꾸미기 다꾸 ! 상에서 딸기요정 으로 유명한 그는 문구 축제에 좋아하는 작가님의 신작 스티커가 나온다는 얘기를 듣고 직접 가게 된다. 그리고 곧 강연우는 작가님에게 딸기요정이라는 사실을 들키고 마는데...",9.59,네이버 웹툰
108,나는 어디에나 있다,김선권,화,"스토리, 스릴러",수많은 사람들이 죽었던 여러 대형사고 현장에 동일 인물이 계속 발견된다. 그게... 기억에 없는 나라면? 그 영상을 보는 순간 평범했던 청년 류준의 일상은 완전히 뒤바뀐다. 과연 류준은 사라진 기억의 비밀을 풀고 평범한 일상을 되찾을 수 있을까...,9.907,네이버 웹툰
109,열녀박씨 계약결혼뎐,"김너울, 안젤리크 / 닷다",화,"스토리, 로맨스","혼례 첫날밤, 갑작스럽게 서방을 잃은 열녀 박연우. 엎친 데 덮친 격으로 괴한에게 납치당해 우물에 던져졌지만, 눈을 뜬 곳은 21세기 대한민국 ?! 설상가상 연우를 구해준 서방님 판박이는 가짜 혼인을 하자고 한다! 당찬 열녀 박씨 연우와 독신주의자 강태하의 동상이몽 계약 결혼.",9.948,네이버 웹툰
110,숲속의 담,다홍,화,"스토리, 감성",어느 순간부터 성장이 멈춘 담 은 사람들을 피해 숲속으로 떠난다.,9.989,네이버 웹툰
111,나의 플랏메이트,산삼,화,"스토리, 드라마",해리포터 덕질만이 인생의 큰 기쁨인 피폐한 공시생 건이에게 찾아온 엄청난 행운! 럭셔리 퍼스트클래스를 타고 떠난 런던에서 마음껏 덕질해보려고 했는데... 그녀에게 찾아온 힘든 시련과 멋지고 잘생긴 룸메이트들? 과연 건이는 시련극복과 런던생활을 잘할수 있을것인가!,9.969,네이버 웹툰
112,오파츠,성진 / 부겸,화,"스토리, 판타지","이 세상에 존재할 수 없는 물건인 오파츠 를 소유한 이들. 그들이 살아가는 세상인 경계의 밖 , 그곳에서 일어난 수많은 특별한 이야기.",9.741,네이버 웹툰
113,태시트,김다찌,화,"스토리, 액션",좀비 바이러스를 내뿜는 오염물질로 무너진 세상. 그곳에 적응한 사람들. 높은 자원과 뛰어난 박사 사이먼 을 겸했던 마을 아미나 . 하지만 사이먼 이 실종되고 아미나 사람들은 절망에 빠진다. 그런 아미나 에서 태어나고 자란 루비 . 그녀로 인해 묻혀있던 사건들이 서서히 모습을 드러내기 시작하는데...,9.962,네이버 웹툰
114,조선홍보대행사 조대박,김양수,화,"스토리, 개그",냉혈한 광고홍보의 귀재 조선 시장에서도 성공할 수 있을까?,9.915,네이버 웹툰
115,그녀석 정복기,강은영,화,"스토리, 로맨스","모든 걸 공유하는 소꿉친구, 신나와 라운. 어느 날 신나는 라운이의 이중적인 모습을 발견하게 되는데, 순둥이 같던 라운이가 사이코로 돌변한 것! 신나에게만 가면이 벗겨진 라운과, 비밀을 공유하게 된 신나. 만만하기만 했던 라운이 이제는 낯선 남자가 되어 다가온다.",9.959,네이버 웹툰
116,안식의 밤,연제원,화,"스토리, 스릴러",노인들을 대상으로 한 연쇄 살인 사건의 전말 나는 할머니를 죽이지 않았어요!!,9.951,네이버 웹툰
117,대신 심부름을 해다오,고아라,화,"스토리, 드라마","요괴도 있고 사랑도 있고 비밀도 있는 마을, 의양리. 이곳에서 나고 자란 은호는 스무살이 되었고 산 속에서 20년 동안 잠들어있던 도깨비가 깨어났다. 은호의 소중한 친구를 지키기 위해서는 할 일이 있다는데...? 가까워지는 인연들에 대한 따뜻한 감성 판타지!",9.983,네이버 웹툰
118,자판귀,윤정민,화,"에피소드, 스릴러","자판기에서 내가 원하는 것이 나온다!? 데뷔를 꿈꾸는 연습생 박도영. 대표의 비리로 데뷔가 무산되자, 만취한 상태로 골목길을 헤매다 수상한 자판기를 보게 되는데...",9.899,네이버 웹툰
119,연애는 전쟁!,윤솜 / 와리,화,"스토리, 로맨스","우리, 내기 하나 할까? 서태현한테 먼저 고백받는 쪽이 이기는 걸로. 용모 단정, 성적 우수, 교내에서도 유명한 남녀 쌍둥이 시연 과 시언 완벽한 두 사람이 평범한 남고생 태현 의 마음을 두고 내기를 시작하게 된 이유는? 그리고 이들을 거부하는 태현 의 숨겨진 비밀은 ?! 조금은 특별한 서스펜스 로맨스!",9.878,네이버 웹툰
120,급식러너,슬랭킷,화,"스토리, 판타지",게임이 현실이 되어버린 세상. 학생들은 점심시간마다 급식실로 질주하는 러닝액션 게임 급식러너 에 열광해있다. 하지만 게임셔틀인 민호에겐 매일의 점심시간이 지옥인데... 그때 민호 앞에 나타난 급식러너의 서버운영자 새나의 제안! 퀘스트를 클리어하면 게임셔틀에서 해방시켜줄게. 자유를 위한 민호의 치열한 질주가 시작된다!!! 2020 지상최대공모전 대상 수상 작품!,9.855,네이버 웹툰
121,언메이크,박화랑,화,"스토리, 판타지","멀지 않은 미래, 미세먼지 폭풍으로 인류는 맑은 공기를 잃었다. 목에 이식하는 기생 필터의 개발로 위기를 극복했다고 생각했지만, 기생 필터가 변이를 일으키며 세상은 다시 한번 위기에 빠지는데...",9.808,네이버 웹툰
122,완벽한 가족,냥빠 / 주은,화,"스토리, 스릴러","누가 봐도 행복하고 완벽한 선희네 가족. 어느 날, 선희는 친구 경호를 죽였다는 고백을 하지만 엄마의 반응이 뭔가 이상하다.",9.908,네이버 웹툰
123,지원이들,구리,화,"스토리, 일상","평범한 고등학생 정지원은 자신과는 조금씩 다른 지원이들 을 만난다. 천사 같은 유지원과 웃긴 김지원, 완벽한 친구들을 사귀었다고 생각했는데... 왜 자꾸 비교하게 되고 질투가 나는 걸까? 그 시절 누구나 품었을 미운 마음을 담은 일상개그드라마!",9.895,네이버 웹툰
124,고등매직,잭형,화,"에피소드, 개그","평범한 고등학생인 마삼룡 의 집에 갑자기 삼촌이 찾아온다. 삼룡의 가족과 함께 지내게 된 삼촌은 어느날 엄청난 비밀을 폭로하게 되는데, 그것은 바로 삼룡의 가족이 마법사 집안이었다는 것! 마법과 함께 펼쳐지는 삼룡과 삼촌의 코믹 에피소드!",9.813,네이버 웹툰
125,프린스 메이커,수오수,화,"스토리, 드라마",공주님을 구하러 온 왕자님이 마녀의 저주로 5살 아이가 돼버렸다! 예정 없던 공주님의 육아가 시작되는데...... 10년 동안 마녀의 탑에 갇혀 자신을 구해줄 왕자님만 기다리던 공주님에게 어느 날 진짜 왕자님이 찾아왔다! 행복한 미래를 그리며 함께 성 밖을 나서는 순간 마녀의 저주로 왕자님은 5살 아이가 되어버리고...! 왕자님을 최고의 남편감으로 키우기 위한 공주님의 왕자 육성 프로젝트가 시작된다!,9.933,네이버 웹툰
126,풋내기들,신여름,화,"스토리, 로맨스","스무 살의 봄, 새봄은 두근거리는 마음으로 대학교 인근의 셰어하우스에 입성한다. 그곳에서 외모와 성격이 전혀 다른 룸메이트 희주 그리고 최애 라욱과 똑같이 생긴 이상형까지 만난다. 풋풋하지만 많은 것이 서툴렀던 스무 살, 우리들의 이야기! 첫사랑의 설렘을 가득 담은 셰어하우스로 놀러 오실래요?",9.965,네이버 웹툰
127,NG불가,고선영,화,"스토리, 로맨스","드라마 덕후 류재린 , 드라마 각본 속의 세상으로 들어오게 되다! 그것도 최애캐를 연기한 배우, 이안 과 함께. 여기서 살아남으려면 여주 역할을 해내며 최애캐와 사랑을 연기해야만 한다는데..?! 인기 배우와 찐팬 덕후의 생존 로맨스",9.949,네이버 웹툰
128,하나in세인,석한,화,"스토리, 스릴러","교내 소문난 또라이 세인 에게 단 하나뿐인 절친 하나 . 세인은 둘의 관계가 영원하길 바랐지만, 왜 인지 하나는 점차 멀어져 간다. 그 무렵 나타난 전학생 진사배 . 천재 아티스트인 사배는 전학 첫날부터 하나를 멋지게 그려내, 하나의 관심을 독차지한다. 질투를 느낀 세인은 사배의 스케치북을 찢으려다 충격적인 그림을 발견하게 되는데..",9.913,네이버 웹툰
129,피로만땅,샤니,화,"에피소드, 개그","203호 저승사자 샤니 작가 신작. 취준생 유림은 밤 9시에 면접을 보러오라는 연락을 받고 찾아갔다가 우여곡절 끝에 합격한다. 그녀가 맡은 일은 보디가드. 하지만 그녀가 지켜야 하는 건 언제 자신을 흡혈할지 모르는 위험한 뱀파이어?! 뱀파이어 헌터들에게서 뱀파이어를 보호하면서 벌어지는, 누가 누구를 지키는지 모를 아찔한 개그 웹툰. 과연 유림은 뱀파이어를 지켜낼 수 있을까!",9.933,네이버 웹툰
130,찐:종합게임동아리,소장,화,"스토리, 드라마",트라우마로 인해 일부러 게임을 피하며 살아온 김 진 . 진이는 신입생 환영회에서 만난 정진아 의 제안으로 우연히 동아리에 들어가게 되는데... 알고 보니 동아리의 정체는 전력을 다해 게임을 즐기는 종합게임동아리였다! 게임에 항상 진심인 승부욕 강한 여섯 청춘들의 즐거운 동아리 활동!!,9.772,네이버 웹툰
131,인문학적 감수성,교날 / 번암,화,"스토리, 드라마","타투이스트 감수성에게는 남들과 다른 비밀이 하나 있다. 바로 살아움직이는 그림을 그린다는 것! 이런 이상한 능력 덕분에 깡패처럼 보이는 ? 손님에게 새겨주었던 용 문신이 탈주를 하게 되고, 극대노한 상태로 찾아온 그녀와 모종의 사건으로 엮이면서 거절하지 못할 제안을 받는데...",9.924,네이버 웹툰
132,헬퍼 2 : 킬베로스,삭,수,"스토리, 액션",역시는 역시 역시군. 킬베로스 트라이브의 대장 장광남이 펼치는 스트릿 액션 만화.,6.843,네이버 웹툰
133,전지적 독자 시점,"싱숑,UMI / 슬리피-C",수,"스토리, 판타지","이건 내가 아는 그 전개다 한순간에 세계가 멸망하고, 새로운 세상이 펼쳐졌다. 오직 나만이 완주했던 소설 세계에서 평범했던 독자의 새로운 삶이 시작된다.",9.977,네이버 웹툰
134,조조코믹스,이동건,"수, 토","옴니버스, 로맨스","유미의 세포들 이동건 작가의 로맨스 시트콤 신작! 오늘 할 일을 내일로 미루는 평범한 직장인 은조, 그녀와는 다르게 외모와 매너 모든 것을 철저히 관리하는 직장동료 조완. 케미 좋은 두 사람의 다양하고 유쾌한 단편들이 여러분들을 기다리고 있습니다. 매주 수토! 조조코믹스 에서 단편만화 같은 일상을 즐겨보세요!",9.944,네이버 웹툰
135,모죠의 일지,모죠,"수, 토","에피소드, 개그",소신있는 취향과 내성적인 성향. 훌륭한 집순이 모죠의 은밀한 비밀들,9.98,네이버 웹툰
136,캐슬,정연,수,"스토리, 드라마","복수를 위해 칼을 갈아온 특급 킬러 김신 , 뒷세계 절대권력 과의 목숨 건 한판 승부!",9.973,네이버 웹툰
137,튜토리얼 탑의 고인물,방구석김씨 / 루비,수,"스토리, 액션",저주로 인해 튜토리얼 탑에 갇힌 헌터. 레벨업을 하며 넘사벽 능력을 갖게 된 그가 12년 만에 탑 밖의 세상에 나간다!,9.854,네이버 웹툰
138,화산귀환,비가 / LICO,수,"스토리, 시대극",대 화산파 13대 제자.천하삼대검수 매화검존 청명. 천하를 혼란에 빠뜨린 고금제일마 천마의 목을 치고 십만대산의 정상에서 영면. 백 년의 시간을 뛰어넘어 아이의 몸으로 다시 살아나다. ......뭐? 화산이 망해? 이게 뭔 개소리야!?,9.973,네이버 웹툰
139,급식아빠,김재한,수,"스토리, 액션",부활남 김재한 작가의 신작! 딸바보 웹툰작가의 갑작스러운 죽음. 학원액션 만화를 그리던 능력 ? 을 살려 일진 서클 12간지로부터 딸 다연이를 지켜라! 딸이 괴롭힘당하는 모습을 보게 된다면? ...이건 못 참지. 내 딸 건드는 새끼들 다 조져버림.,9.921,네이버 웹툰
140,여주실격!,기맹기,수,"스토리, 드라마",약 한 여배우 천리사 더이상 배우같은건 하고 싶지 않다던 그녀의 복귀 스토리!,9.978,네이버 웹툰
141,남주의 첫날밤을 가져버렸다,"황도톨,티바 / MSG",수,"스토리, 로맨스",소설 속 엑스트라인 백작 영애 리플리로 빙의 된 여주인공. 이왕 이렇게 된 거 전생에 경험하지 못한 귀족의 화려하고 풍족한 삶을 만끽하기로 한다. 파티장 구석에서 혼자 술을 즐긴 것까진 기억나는데 다음날 깨어보니 남주의 침대에 누워있는 것 아닌가!,9.975,네이버 웹툰
142,무서운게 딱좋아!,이동규,"수, 일","옴니버스, 스릴러",90년대 생이면 누구나 아는 추억의 공포 만화 무서운게 딱좋아! . 당시의 독자들이 선정한 베스트 베스트 에피소드 5개가 2021년 웹툰으로 돌아왔다!,9.96,네이버 웹툰
143,노곤하개,홍끼,"수, 토","에피소드, 일상",귀여운 멍멍이들과 함께하는 노곤하지 않은 일상 이야기,9.978,네이버 웹툰
144,세상은 돈과 권력,한동우 / 이도희,수,"에피소드, 드라마","재벌 3세가 일반 고등학교에 들어오면서, 선생들과 학생들은 거대 자본에 굴복해 권력을 차지하기 위한 두뇌싸움 이 난무하는 학교로 바뀐다. 이 학교의 법칙을 부수기 위해 천재 단건우 가 전학온다.",9.923,네이버 웹툰
145,66666년 만에 환생한 흑마법사,"타루, 화봉 / 파사",수,"스토리, 판타지","강대했던 흑마법사 디아블로 볼피르. 12신의 계략에 당해 억겁 속에 봉인되었지만, 그로부터 66666년이 흘러 다시금 이 땅에 강림한다! 응애! 웰턴 백작의 갓 태어난 장남으로. 딥다크 매직 판타지 시작!",9.894,네이버 웹툰
146,일렉시드,손제호 / 제나,수,"스토리, 액션",노블레스 손제호 작가와 소녀더와일즈 제나 작가가 만났다! 고양이 몸에 깃든 각성자 카이든과 각성능력을 숨겨온 고등학생 지우 러블리 2인조의 액션 판타지,9.912,네이버 웹툰
147,블랙홀과 3만원,김규삼 / 혜원,수,"스토리, 개그","지구멸망 한달 전, 블랙홀에 빨려들어가 얄짤없이 망하게 생긴 인류. 노스트라 생명에서 인류를 구원할 보험을 출시했다! 블랙홀로 인한 모든 피해를 단돈 3만원에 ?! 노스트라의 마지막 히트상품과 함께 나타난 이놈들, 과연 구세주인가 바보들인가.",9.919,네이버 웹툰
148,연놈,상하,수,"스토리, 드라마","중2 여름, 가지 말라는 말도 좋아했다는 말도 하지 못한 채 보낸 그녀가 3년 만에 나타났다. 지나버린 시간과 마주한 소년 그리고 소녀의 이야기",9.85,네이버 웹툰
149,닥터앤닥터 육아일기,닥터베르,"수, 일","에피소드, 일상","산부인과 의사 엄마의 임신과 출산, 공학박사 아빠의 논문 기반 육아. 완벽할 것만 같은 이들의 앞길은 과연 순탄할까? 탄탄대로를 달리던 두 사람의 좌충우돌, 우여곡절 중구난방 육아 이야기! 웃다 울고, 울다가 웃게 되는 최고의 항문용 발모제툰!",9.971,네이버 웹툰
150,나쁜사람,둠스,수,"에피소드, 개그",착한 남자가 좋다는 그녀의 이상형이 되기 위해 10년 동안 노력했다. 그런데! 갑자기 나쁜 남자가 좋다는 그녀... 오늘부터 난... 나쁜 남자로 다시 태어난다.,9.759,네이버 웹툰
151,고삼무쌍,B급달궁 / 하마,수,"스토리, 액션",천년간 사라진 무림이 현대 고등학교를 배경으로 되살아난다! 무림인들의 고교습격! 장르파괴 무협학원액션,9.744,네이버 웹툰
152,마른 가지에 바람처럼,달새울 / 화음,수,"스토리, 로맨스","남편을 잃고, 아이를 빼앗기고, 이제 생매장을 눈 앞에 둔 과부 리에타. 그 곳에 미친 폐황자 로 불리는 저주받은 땅, 악시아스 성의 대공. 킬리언이 나타났다. 그녀를 데려가겠다고 말하는 킬리언이 인사를 건넨다. 안녕, 요부",9.99,네이버 웹툰
153,엔딩 후 서브남을 주웠다,"황도톨,정서 / 정서",수,"스토리, 로맨스","빙의한 소설 속 나의 최애캐는 서브남이었다. 여주에게 버림받아 흑화한 츤데레는 어마무시한 까칠남이 되어 있었다는 것! 나, 무사히 서브남을 주울 수 있을까?",9.982,네이버 웹툰
154,빌드업,911,수,"스토리, 스포츠",축구덕후지만 볼보이만 5년째?! 빵셔틀 강마루의 열혈청춘 축구드라마,9.944,네이버 웹툰
155,괴물공작의 딸,한바다 / 찬란,수,"스토리, 판타지","세상과 단절되어 살아가던 나는 괴물공작 이라 불리는 아빠에게 거둬졌다. 어느 날, 아빠의 서재에서 이상한 책을 발견하는데 이거 내용이 왜 이래? 내가 병 때문에 죽는다고? 그러면서 양녀를 들이고 잘해줘? 어차피 죽을 거라면 그전에는 뭘 해도 안 죽는다는 거잖아! 그렇다면, 정말 로티 맘대로 해버릴 거야!",8.747,네이버 웹툰
156,원수를 사랑하라,정윤 / 태건,수,"스토리, 로맨스","고생 끝, 인생 리셋!.... 도 못했는데 과거를 들키다?! 늦깎이 대학생 배연희의 고군분투 캠퍼스 로맨스!",9.89,네이버 웹툰
157,관종교장,좌승훈,수,"스토리, 개그",전 재산을 가족 몰래 주식으로 날린 교장 정도만. 이제 은퇴까지 1년 밖에 남지 않았다. 가족에게 들키기 전에 잃은 돈을 메꾸려는 도만은 제자 홍삼과 함께 인터넷 방송을 시작하지만 예상과 달리 여러 사건에 휘말리게 되는데... 과연 노잼선생은 인기 가 되어 빚을 청산할 수 있을까?!,9.919,네이버 웹툰
158,하렘의 남자들,"알파타르트,히어리 / 영빈",수,"스토리, 로맨스","내 후궁들부터 들이기로 하였다. 한 다섯 정도. 타리움 제국의 황녀, 라틸. 그녀의 첫사랑 하이신스는 황제가 되기 위해 본국 권력자의 딸과 결혼한다. 충격 받는 라틸. 하지만 그 충격이 가시기도 전에 황태녀가 되고,이복남매의 반란 세력에 맞서 황위를 지켜낸다. 그렇게 여황제가 된 라틸에게 대신들은 국서를 맞을 것을 제안하는데, 뭔가, 심기에 거슬린다. 왜 여황제는 후궁을 못 들인다는 거지? 저도 최소 다섯 명은 후궁으로 두어야겠습니다. 제가 좋다면 하렘으로 들여보내세요, 보고 마음에 드는 사람을 국서로 삼을 것입니다. 전무후무한 여황제의 하렘으로, 치명적인 매력의 남자들이 모여든다!",9.982,네이버 웹툰
159,판타지 여동생!,유누,수,"스토리, 판타지",게임 초보 여동생의 도전기. 트롤 취급은 노노! 제가 사실 엄청난 히든 직업을 갖고 있거든요?,9.75,네이버 웹툰
160,귀곡의 문,삼촌,수,"스토리, 드라마","귀신소굴로 유명한 삼도천동의 흉가, 평범한 ? 세입자들의 일상 개그",9.982,네이버 웹툰
161,밤낚시,LICO / 디귿,수,"스토리, 스릴러","한강, 형이 사라졌다. 몰락한 다이빙 선수, 무직은 형의 실종을 파헤치다 밤낚시꾼들을 마주하게 되는데 물고기가 아닌 사람을 낚는 밤낚시꾼들을 목격한 무직. 과연 무직은 살아남을 수 있을까? 밤에 낚는 시체, 밤낚시.",9.805,네이버 웹툰
162,언덕 위의 제임스,쿠당탕,수,"에피소드, 개그",제임스들이 펼치는 코믹 막장 에피소드! 지금 전세계의 제임스들이 몰려온다,9.927,네이버 웹툰
163,사상최강,황규영 / 이단아,수,"스토리, 판타지",천하 십대 고수 라고 불리는 자들. 인간의 한계를 뛰어넘은 그들은 서로를 견제하며 힘의 균형과 세상의 질서를 유지해왔다. 바로 백도현 그가 나타나기 전까지는! 내공만으로 사상최강의 힘을 가진 남자 백도현의 시원한 한 방!,9.938,네이버 웹툰
164,방탈출,십박,수,"스토리, 스릴러",갑자기 떨어진 이곳에서 목숨을 건 방탈출이 시작된다. 모든 상황을 의심해라! 아니면 죽음뿐이다...,9.945,네이버 웹툰
165,아도나이,주동근,수,"스토리, 스릴러","외계인을 믿는 사이비종교 심층 취재기 이 종교, 알면 알수록 위험하다",9.81,네이버 웹툰
166,오징어도 사랑이 되나요?,젤리피쉬 / 문댄스,수,"스토리, 로맨스",오징어와의 정략 결혼은 싫어! 인간 왕자님을 만날거야! 귀엽고 사랑스러운 울릉도의 오징어 공주는 이웃 나라 징징왕자와의 정략 결혼식을 거부하고 진정한 사랑을 찾아 스스로 미끼를 물어 오징어잡이 배를 탄다. 인간 왕자와의 로맨스를 꿈꾸는 오징어 공주의 앞날은 과연...? 오징어도 사랑이 되나요?,9.796,네이버 웹툰
167,마녀와 용의 신혼일기,"바리달, 뉴릉이 / 디망",수,"스토리, 로맨스",한 번의 실수로 인생을 꿰인 천재 마녀의 달콤살벌 신혼생활! 신입과의 하룻밤으로 모든 지위와 명성에 먹칠 당하게 된 천재 마법사 웬디. 그런데 뭐..? 비밀을 지켜줄 테니 결혼해달라고...?!,9.964,네이버 웹툰
168,새벽 두 시의 신데렐라,산차,수,"스토리, 로맨스","3년이나 사귄 연인인 서주원이 재벌가의 막내아들이란 것을 알게 된 지 두 달. 하윤서는 주원과 헤어지는 대가로 돈을 받는다. 그리고 실제로 헤어지기 위해 정 떨어지는 행동들을 하지만, 주원은 아랑곳하지 않고 윤서의 마음을 돌리려 노력하는데 .",9.947,네이버 웹툰
169,얼굴천재,지에이,수,"스토리, 드라마","어느 날 갑자기 게임 캐릭터로 변신하는 능력이 생겼다! 그 스킬과, 그 모습이 모두 내 것이다. 나는 이제 언제든 얼굴천재 가 된다!",9.933,네이버 웹툰
170,로어 올림푸스,레이첼 스마이스,"수, 일","스토리, 로맨스","어디서도 본 적 없는 신화 이야기, 풋내기 여신 페르세포네와 지하세계의 왕 하데스의 현대판 로맨스 판타지! 글로벌 .1 인기작 를 한국어 버전으로 감상하세요.",9.965,네이버 웹툰
171,화가 살리에르,백원달,수,"스토리, 드라마","금선희는 자신에게 없는 예쁜 얼굴과 미술 재능, 오랫동안 짝사랑하던 남자 우수까지 모두 가진 류명화를 시기한다. 시간은 흘러 금선희는 유명 갤러리 관장, 류명화는 가난한 무명화가가 되고, 금선희는 명화를 떠난 우수와 닮은 남자를 이용해 류명화를 조종하려 하는데... 화가들의 삶에 얽히고설킨 매캐한 러브스토리.",9.882,네이버 웹툰
172,럭키언럭키,가천가,수,"스토리, 판타지","평범하게 살아왔던 안녹희, 알고보니 행운 초능력자였다?! 어쩌다보니 초능력학교 전교 1등까지 해버리고... 다시 평범해지고픈 안녹희의 고군분투 고교생활",9.972,네이버 웹툰
173,칼부림,고일권,수,"스토리, 시대극",뜻을 품고 한을 품은 팔도의 자제들아 서슬퍼런 칼날 내보이라! 이괄의 난을 배경으로 펼쳐지는 함이의 복수와 성장,9.944,네이버 웹툰
174,반귀,세정,수,"스토리, 로맨스","평범한 하연과 기묘한 후안의 평범하지 않은 캠퍼스 라이프! 귀신이 보이진 않아도 그들의 기운을 느낄 수 있는 하연은 어느 날 귀신인지 아닌지 헷갈리는 후안을 만나게 된다. 그 이후로, 정체 모를 기괴한 존재들이 자꾸만 하연의 주변을 맴돌게 되는데... 귀각시 세정 작가의 신작!",9.98,네이버 웹툰
175,범이올시다!,해,수,"에피소드, 일상",호통 치는 영희 할머니와 무뚝뚝 소녀 방실이 앞에 나타난 정체불명의 고양...아니 호랑이?,9.98,네이버 웹툰
176,속보입니다,밀카 / Z6,수,"스토리, 로맨스","평범한 대학생 예슬 은 대한민국에서 모르면 간첩이라는 최연소 메인뉴스 아나운서 김민준 을 만나기 위해 방송국 카페에서 아르바이트를 시작한다. 그러나 민준은 기대했던 것과는 다르게 너무 차갑기만 하고 제가 얼마나 오랜 기간 좋아했는데, 왜 이렇게 차갑게 구시는 거예요?",9.882,네이버 웹툰
177,수요웹툰의 나강림,이경민 / 송준혁,수,"스토리, 판타지","평소 웹툰을 즐겨보는 고등학생 나강림. 어느날 그의 눈앞에 웹툰 속에서 봤던 여주인공이 나타나는 기이한 일이 펼쳐진다. 심지어 웹툰에서와 똑같은 사건이 그녀를 위기로 몰아넣는데, 문제는 그 사건으로부터 그녀를 구해줄 주인공이 현실에는 없다는 것! 결국 나강림은 주인공 역할을 대신하여 그녀들을 구하기 위해 시간을 반복하며 구른다.",9.874,네이버 웹툰
178,반짝반짝 작은 눈,억수씨,수,"스토리, 판타지",신참 주민센터 공무원의 같은 일상에 마법사가 나타나 전입신고를 요청하는 상황이 끼얹어진다면? 평범한 듯 평범하지 않은 주민센터 공무원 윤의는 우연히 마법세계에서 피신 온 마법사와 마주치고 그가 지켜야하는 왕자의 알 용체 을 습득하게 되는데... 변덕쟁이 공무원과 고지식한 마법사가 펼치는 어불성설 로맨스!,9.919,네이버 웹툰
179,사랑과 평강의 온달!,한기주 / 일,수,"스토리, 로맨스","교육직 공무원인 박사랑, 그녀에게는 평생을 바쳐서라도 꼭 해야 하는 일이 있다. 바로 사촌 동생인 평강이 전생 평강공주 의 진짜 인연 온달 을 찾아주는 것! 그런데 온달을 찾고, 연을 맺어주느라 바쁜 사랑 앞에 미남들이 꼬이는데?!",9.963,네이버 웹툰
180,무용과 남학생,이호진,수,"스토리, 로맨스","어릴 적부터 소꿉친구 유연과 함께 발레를 배우던 시우는 어떤 사건으로 인해 발레를 그만두게 된다. 그러던 어느날 학교에 발레 하는 남학생 이준이 전학을 오고, 이준과 유연이 예술고등학교 무용과 입시를 준비하는 모습을 보면서 시우는 이준에게 묘한 경계심을 느끼게 되는데 발레와 함께 피어나는 세사람의 알쏭달쏭 첫사랑 로맨스!",9.876,네이버 웹툰
181,뱀은 꽃을 먹는가,소나음,수,"스토리, 로맨스","폭군 황제가 다스리는 황궁. 천재 악사 하랑은 황제가 끔찍이도 아끼는 꽃, 애화의 전속 악사로 부름 받는다. 그러나 황제는 하랑이 애화의 얼굴을 보는 것조차 용납할 수 없었다. 이제는 아무 것도 담아서는 안 되는 저 눈을 뽑아라! 하랑은 저열한 욕망으로 자신의 눈을 멀게 만든, 황제와 애화에게 복수를 결심하는데 .",9.944,네이버 웹툰
182,웰컴 온보드,다니,수,"스토리, 로맨스","간절하게 꿈꿔온 승무원 합격! 아란은 비행기에서 기절한 자신을 돌봐줬던 승무원 채현에게 반해 에어윙크에 입사한다. 입사하면 채현 선배와 비행을 해볼 수 있을까? 환상을 가지고 들어왔지만 이 직업은 그렇게 아름답지만은 않다. 신입 승무원 아란, 입사동기 선우, 선배 채현이 함께하는 비행과 사랑 이야기!",8.885,네이버 웹툰
183,스캔들,"달콤J,티바 / 도그",수,"스토리, 로맨스","당대 최고 인기 여배우의 스캔들의 주인공이 내 남편이라면? 남편의 불륜으로 신혼이 파탄난 지우는 기자생활을 접고 미국으로 떠나게 되고, 전 남편이 거절할 수 없는 제안을 건네온다.",9.907,네이버 웹툰
184,여우담:스윗싱가포르,나,수,"스토리, 로맨스",여우담 커플의 설레는 첫 해외 여행기 싱가포르! 본 콘텐츠는 나 작가가 전하는 싱가포르관광청의 브랜드 웹툰입니다.,9.89,네이버 웹툰
185,해귀,알파A,수,"스토리, 판타지",어느 날 갑자기 한마을을 덮친 해귀들. 해귀에게 엄마를 잃고 살 길을 찾아 마을 밖으로 도망친 주인공 한천은 엄마가 사실 해귀에게 죽은 것이 아니고 먹이로 납치당했다는 사실을 알게 된다. 한천은 끌려간 엄마를 구하기 위해 위험한 길을 떠나게 되는데...,9.878,네이버 웹툰
186,기억흔적,브라보 장,수,"스토리, 스릴러",사랑하는 가족을 잃은 남자. 가족을 살리기 위한 처절한 시간 여행이 시작된다.,9.468,네이버 웹툰
187,신선비,이서현,수,"스토리, 로맨스",꽃미남 뱀신랑과 얽혀버린 운명. 로맨스릴러 시즌2 시작!,9.901,네이버 웹툰
188,저승사자 출입금지,심웅섭,수,"스토리, 드라마",죽음 너머를 믿지 않는 간호사 주나비 그리고 그녀가 살린 저승사자 신의 그들의 트라우마 극복기.,9.723,네이버 웹툰
189,천도,진작,수,"스토리, 판타지","저승 문을 막고 있던 융이 살해 당하고, 다시 저승 문을 막기 위해 융을 되살리려는 유장. 망자들을 이용해 저승의 경계를 무너뜨리려는 사흉과 대립한다.",9.885,네이버 웹툰
190,구주,준치 / 조9,수,"스토리, 드라마","구원을 바라는 뱀파이어와, 그녀를 둘러싼 두 여자의 어긋난 관계. 뱀파이어인 원은 대학에서 선배 주이를 만난 후 새로운 감정을 배우고, 평범한 삶을 꿈꾼다. 원에게 집착하는 소꿉친구 세연은 둘을 갈라놓으려 하지만, 세연이 거슬렸던 주이는 일부러 원에게 접근한다. 세 사람의 관계는 파국으로 치닫는데 .",9.926,네이버 웹툰
191,수상한 비밀상담부,149,수,"에피소드, 스릴러","태희는 같은 반 해원이 자꾸만 자기를 쳐다보는 게 신경 쓰인다. 쳐다보는 이유를 알기 위해 방과후 해원을 쫓아가는데 골목길에서 해원이 웬 남자애랑 지금 뭐 하는 거지?! 충격과 혼란이 가득한 태희에게 해원이 건넨 말, 야, 네 뒤에 귀신 붙었다. 귀신 찾는 놈, 김찬! 귀신 잡는 놈, 최민우! 귀신 같은 놈, 김해원! 귀신 꼬이는 놈, 한태희! 개성 강한 네 사람의 우당탕탕 오컬트 청춘 성장 드라마!!",9.905,네이버 웹툰
192,내 룸메이트는 마네킹,서이,수,"스토리, 로맨스","인간이 되고 싶은 마네킹 도윤 , 우연한 기회에 인형 공포증에 시달리는 지호 와 만나 룸메이트가 된다. 도윤은 인간이 되고 지호는 트라우마를 극복해야만 한다. 두 남녀의 기묘한 동거는 성.공.적?!",9.896,네이버 웹툰
193,나의 계절,박수민,수,"스토리, 로맨스",승재는 친구의 부탁에 못 이겨 같은 반 봄이와 장난삼아 사귀게 된다. 시간이 갈수록 예상치 못 한 봄이의 매력에 승재는 끌림을 느끼면서도 마지막 순간에 떠 밀리듯 최악의 선택을 하고 마는데... 승재는 이 때만 해도 알지 못했다. 봄을 시작으로 잊지 못할 계절들을 보내게 될 줄은.,9.815,네이버 웹툰
194,시효완성,"삼바, 미스터리 / 담",수,"스토리, 드라마",과거 우발적으로 살인을 저질렀던 국회의원 원동혁. 2015년 현재 공소시효 폐지 법안 을 다루던 그는 한 통의 메시지를 받는다. 나는 네가 15년 전 한 일을 알고 있다.,9.255,네이버 웹툰
195,더 복서,정지훈,목,"스토리, 액션","재능있는 복서를 찾던 전설적인 트레이너 는 기묘한 소년을 발견한다. 그의 충격적인 재능은 과연 축복일까, 저주일까?!",9.919,네이버 웹툰
196,연애혁명,232,목,"스토리, 드라마","평범하면서 금사빠인 고등학생 순정남 공주영은 까칠하고 차가운 여학생 왕자림을 보고 사랑에 빠져버린다. 너무 다른 둘, 괜찮을까?",9.574,네이버 웹툰
197,기기괴괴,오성대,목,"옴니버스, 스릴러",절벽귀 오성대 작가의 신작 옴니버스 미스테리 스릴러. 기묘하고 괴상한 이야기들.,9.8,네이버 웹툰
198,나노마신,"한중월야,현절무 / 금강불괴",목,"스토리, 판타지","갖은 멸시와 목숨의 위협을 받던 마교의 사생아 천여운, 미래에서 나타난 후손이 천여운의 몸에 나노 머신을 주입한 후 그의 인생이 송두리째 바뀐다. 마교를 넘어 무림 최고의 자리에 오르기 위한 천여운의 거침없는 이야기가 시작된다!",9.944,네이버 웹툰
199,이두나!,민송아,목,"스토리, 로맨스","구 아이돌, 첫사랑, 소개팅녀까지 한 집에 모였다! 나노리스트 민송아 작가의 두근두근 누나 리스트!",9.859,네이버 웹툰
200,묵시의 인플루언서,조석,목,"스토리, 스릴러","어느 날 동네에 생긴 정체 모를 알 하나. 알은 빠른 속도로 퍼지더니, 급기야 알에서 나온 괴생명체는 사람들을 죽이기 시작한다. 그리고 이 모든 상황이 실시간으로 중계되는 계정이 생겼다.",9.928,네이버 웹툰
201,화이트 블러드,임리나,목,"스토리, 판타지",스타일리쉬 뱀파이어 액션! 그리고 처절한 로맨스..,9.967,네이버 웹툰
202,포식동물,신희빈 / 치훈,목,"스토리, 스릴러",스물다섯 취준생 상진의 옆방에는 괴물이 된 친구가 살고 있다. 괴물의 먹이를 구하기 위해 매일 밤 탐욕과 혐오로 가득한 인간들을 찾아 나선다. 상진과 괴물은 과연 인류의 구원자인가? 포식자인가?,9.921,네이버 웹툰
203,노답소녀,석우,목,"스토리, 로맨스",하나의 하루 석우 작가의 신작! 재벌가 손녀인 가빈은 친구 한 명 없는 왕따에 성격까지 노답이다. 5억원을 대가로 가빈을 비밀리에 경호하기 위해 전학 온 태웅. 과연 태웅은 정체를 숨긴 채 가빈을 잘 경호할 수 있을까?,9.484,네이버 웹툰
204,정글쥬스,형은 / 쥬더,목,"스토리, 액션","의문의 벌레약 정글쥬스 로 인해 곤충인간이 되었다. 이를 숨기며 살던 대학생 장수찬은 어느 날 그 모습을 모두에게 보이게 되고, 곤충인간들의 사회로 들어가 약육강식의 논리와 맞서 싸우게 되는데... 각양각색 곤충능력자들의 판타지 액션 슈퍼스트링 유니버스의 새로운 히어로 등장!",9.921,네이버 웹툰
205,겟백,세윤,목,"에피소드, 드라마","7년 전, 운명이 뒤바뀐 소녀들. 태어날 때 부터 타고난 능력을 지닌 다정과 그런 천재가 부러웠던 언니 은정. 그렇게 하루 하루가 지옥이었다!",9.98,네이버 웹툰
206,무사만리행,운 / 배민기,목,"스토리, 액션","2세기 후반, 마한 연맹 고리국 의 무사 나루가 로마제국의 검투 노예로 팔려가 자유를 얻기 위해 처절한 사투를 벌인다.",9.923,네이버 웹툰
207,마왕까지 한 걸음,윤홍,목,"스토리, 판타지","이건 그냥 마을 사람 랑 다를게 없잖아 , 나보다 강한 존재는 이 세계에 있을 수 없어! 세계관 최강자 자리를 위해 지상최강 마왕을 찾아 뭍으로 나온 바다의 왕 유리아. 그런데 거울을 보니 웬 어린아이가 ? 다리를 얻음과 동시에 그녀의 모든 힘이 사라져 버렸다... 그럼에도 여전히 세계최강 자리를 노리고 있는 그녀의 눈물겨운 여정이 시작된다!!",9.972,네이버 웹툰
208,하드캐리,조양,목,"스토리, 드라마","성격은 소심하지만 게임 실력 하나는 천상계 최고인 도윤 과 공부, 인성, 외모, 게임 실력 어디 하나 부족한 것 없는 수호 의 본격 프로게이머 도전기!",9.909,네이버 웹툰
209,오빠세끼,올리브유,목,"에피소드, 일상","우리학교 인기남 3인방이 누군가에게는 노답 친오빠!? 주목받는건 질색! 조용하고 존재감 없는 평범한 삶을 추구하는 해주에게는 걸어만 다녀도 튀게 잘생긴 오빠들이 있다. 해주는 오빠들의 동생임을 숨기며 학교를 다니지만, 결국 들켜버리게 되는데... 과연 해주는 오빠들이 있는 학교에서 자신의 목표를 이룰수 있을까?",9.618,네이버 웹툰
210,던전 씹어먹는 아티팩트,"제로워터, 엄키 / 엄키",목,"스토리, 판타지","내가 이 아티팩트를 만진 순간 너희도 끝장난 거야! 억울하게 죽은 던전 탐험가, 재앙급 아티팩트와 함께 사이다 복수극 시작! 죽음의 문턱을 넘어 두 번째 기회를 거머쥔 스테치 아텔리어. 그가 메멘토 모템 의 공생자로 기나긴 복수의 여정을 시작한다.",9.935,네이버 웹툰
211,트롤트랩,유비,목,"스토리, 판타지","트롤을 잡아, 인류를 지켜라! 정체불명 헌터 하태와 알바헌터 지현의 통쾌한 판타지 액션",9.721,네이버 웹툰
212,흑막 여주가 날 새엄마로 만들려고 해,목감기 / 하리힌,목,"스토리, 로맨스",친구들과 장난삼아 쓴 피폐 소설 속에 시민 1로 빙의했다. 그리고 저세상급 딸바보력을 자랑하는 여주인공의 아버지 헨스톤 공작에게 정체를 들켜버렸다. 문제는...... 그럼 내 딸이 피폐 소설에서 어떻게 되는 거지? ......뭐? 남주가 열 명? 행복하지 못한 딸의 미래를 바꾸기 위해 독립전쟁도 불사하겠다니. 이대로 두었다간 여러 목숨이 위험하다. 제가 여주님을 지켜드리겠어요! 그렇게 딸바보 공작님과의 동거가 시작됐다. 그런데 쪼그만 여주님이 어쩐지 좀 이상하다. 왜 자꾸 네 아빠랑 날 엮는 건데?,9.982,네이버 웹툰
213,신비,반지,목,"스토리, 로맨스",긴 잠에서 깨어난 미지의 생명체 신비와 그녀를 사랑하게 된 가람의 사랑 이야기 나의 뮤즈가 되어 줄래?,9.98,네이버 웹툰
214,아빠같은 남자,이수민,목,"스토리, 드라마","마음에 드실거예요. 아빠같은 남자거든요. 사이코패스 성격을 숨기고 살아가는 로펌대표 묘인준은 자신의 본성을 잘 감춘 채 재력과 권력, 그리고 겉보기에 화목한 가정까지 모든 걸 갖추고 살아가고 있다. 어느 날 끔찍히 사랑하는 외동딸 수진이 아버지 묘인준에게 결혼할 남자 정이현 를 소개하게 되는데, 묘인준은 그 순간 딸의 남자가 자신과 같은 부류의 인간임을 알아본다. 자신이 이룬 모든 것의 상징과도 같은 딸을 향해 접근하는 것은 물론, 여러 의심스러운 상황에서 계속 마주치게 되는 정이현... 묘인준은 그에게 딸을 뺏길 수 없다는 생각을 하게 되지만, 자신의 두 얼굴을 들키지 않으면서 딸을 지키기란 쉽지 않다. 거기에 더해 자신과 자신의 회사 법무법인 노블의 주변에서는 끊임없이 잡음이 들려오기 시작하고, 묘인준의 내재된 본성이 서서히 모습을 드러내며 상황은 점점 복잡해진다.",9.772,네이버 웹툰
215,쿠베라,카레곰,목,"스토리, 판타지",신의 이름을 가진 소녀와 마법사들이 펼쳐나가는 소속불명 장르 혼합 판타지,9.969,네이버 웹툰
216,최강전설 강해효,최병열,목,"스토리, 액션",맹수같이 거친 문제아 학생들만 모여있는 최강고등학교!! 그곳에서 변화가 시작되었다.,8.822,네이버 웹툰
217,뜨거운 양철지붕 위의 고양이,뱅캣,목,"스토리, 스릴러","스스로가 외톨이임을 자처하는 열일곱 살 소년 민서. 그에게 완벽하게만 보이는 친구 지원이가 구원자처럼 다가온다. 어느 날 우연히 뺑소니를 당한 지원이를 구해주게 된 민서는 그의 호감을 사게 되고, 그것을 계기로 용기를 얻은 민서는 지원이와 친해지고 싶은 생각에 난생처음 자기 집에 친구를 초대한다. 하지만 지원이와 가까워질수록 그의 의문스러운 말과 위험한 행동 때문에 동시에 묘한 긴장감이 돌기 시작하고, 민서의 모든 것들을 하나둘씩 집어삼키기 시작하는 지원... 그의 정체는 뭘까?",6.93,네이버 웹툰
218,별을 삼킨 너에게,ARI,목,"스토리, 로맨스","어둠 같은 현실 속에서도 우리가 빛나는 이유는, 저마다의 별을 품고 있어서가 아닐까? 별처럼 빛나는 우리들의 성장, 그리고 로맨스. 네이버웹툰 최강자전 19년 대표작.",9.915,네이버 웹툰
219,선의의 경쟁,송채윤 / 심재영,목,"스토리, 드라마",완벽해보이는 제이와 순박한 전학생 슬기. 단짝이 된 두 여고생은 점차 서로를 향한 광기를 드러내고 전교 1등을 향한 피 튀기는 경쟁이 펼쳐진다.,9.915,네이버 웹툰
220,마법사랑해,명랑 / 청설모,목,"스토리, 판타지","대륙에서 가장 위대한 마법사 랑데르케셀 . 목숨을 희생하여 파멸의 군주 페르샤디스 를 봉인하는데 성공하지만 6개의 성물로 나뉘어 봉인되어 있던 마왕이 부활의 움직임을 보이자, 600년간의 긴 잠에서 소년 랑해 의 모습으로 깨어나게 되는데...",9.937,네이버 웹툰
221,완벽한 결혼의 정석,"이범배, 영 / 제리볼",목,"스토리, 로맨스","남편이 내 동생을 사랑하고 있었다. 하필이면 내 생일에 그의 진심을 알아버렸고, 그날 나는 죽었다. 그런데 1년 전으로 돌아왔다? 다시 살게 된 그날, 나는 결심했다. 이번에는 내가 동생의 남자와 결혼하기로. 남은 시간은 1년, 그때까지 완벽한 복수를 해야 하는데 그런데 이 남자, 너무 완벽하다. 계약 결혼의 상대인 재벌 2세 서도국. 그의 눈빛에, 그의 입술에 자꾸만 아찔해진다. 나, 어떡하지 ?",9.92,네이버 웹툰
222,어느날 네가 떠올라!,해영채,목,"스토리, 로맨스",내 세계가 너로 인해 조금씩 무거워 지고 있어. 학급 아이들에게 공기 취급을 받는 여고생 가람. 겉보기에는 완벽하지만 정말로 몸무게가 0 인 비밀을 숨기고 있는 남고생 산들. 어느 날 산들은 실수로 넘어지는 바람에 가람 앞에서 하늘로 떠오르게 된다. 산들의 비밀을 알게 된 뒤 잔잔했던 가람의 일상은 조금씩 어긋나며 변화하기 사작하는데..!,9.95,네이버 웹툰
223,시에라,Rana / 문아,목,"스토리, 로맨스","비슷한 이유로 태어나 비슷한 이유로 불행했던 공작가의 사생아 시에라 와 황제의 사생아 클로드 . 아무에게도 말할 수 없는 관계를 유지하던 두사람에게 불행이 찾아온다. 다시 시간을 되돌릴 수 있다면, 다른 선택을 할 수 있게 해 줘 밀려오는 후회를 감당하지 못하는 시에라, 눈을 떠보니 그녀의 옆에는 클로드가 있는데",9.9,네이버 웹툰
224,꽃만 키우는데 너무강함,쿰타타 / 주현후,목,"스토리, 판타지","황재호는 자신의 꿈인 꽃집을 차리기 위해 게임을 시작하게 되는데, 게임 속에서 꽃집을 운영하기 위한 재호의 긴 여정이 시작된다",9.96,네이버 웹툰
225,폭탄주먹 변대장,엄재경 / 지야프,목,"스토리, 개그","전 우주의 문제아들이 모이는 곳, 안드로메다 고등학교에 지구인 신입생이 도착한다. 주인공은 바로 변대장. 옮기는 학교마다 터지는 폭력 사건으로 지구상 모든 고등학교를 거쳐 더 이상 갈 곳이 없어진 변대장은, 결국 안드로 고등학교로 전학 오게 되는데... 초능력 외계인이 득실대는 야성의 정글, 안드로 고등학교에서 변대장은 살아남을 수 있을 것인가!? 목표는 졸업! 변대장의 모험이 시작된다!",9.443,네이버 웹툰
226,만물의 영장,보민,목,"에피소드, 개그","바다에 빠져 실종된 후, 무인도에서 7년 만에 살아 돌아온 우영장의 좌충우돌 문명 적응기! 그의 몸은 단단한 근육질로 변했고 온갖 동물과의 의사소통은 물론, 특별한 능력까지 구사하며 사건사고가 끊이질 않는다. 과연 영장은 밀림보다 무섭다는 도시에서 살아남을 수 있을까?",9.955,네이버 웹툰
227,안개무덤,김태영,목,"스토리, 스릴러","실종된 가족을 수사하려고 하면 할수록, 알 수 없는 초자연 현상에 시달린다. 사건 현장을 뒤덮는 벌레들. 그리고 부적. 이곳은 무덤이다. 지상최대공모전 우수상 수상작! 숨막히는 공포 스릴러가 왔다!",9.933,네이버 웹툰
228,불편한 관계,잔스,목,"스토리, 로맨스","회사 동료 정이라 와 공은도 는 서로의 이별을 위로하며 술자리를 갖고 다음날 아침 함께 눈을 뜬다. 하루 아침에 동료에서 불편한 관계 로 전락한 두 사람! 어젯밤, 우리 사이에 무슨 일이?!",9.982,네이버 웹툰
229,네가 죽기를 바랄 때가 있었다,아란,목,"스토리, 로맨스","끔찍하게 싫어하는 원수의 딸과 결혼하게 된 황제, 절대 좋아할 수 없다 생각했던 황후에게 예상치 못한 감정을 느끼게 된다.",9.87,네이버 웹툰
230,시월드 판타지,진돌 / 히디,목,"스토리, 판타지","첫 눈에 반한 남편이 악마라니.... 그리고 시어머니는 마왕?! 0 용사 조라세, 시댁의 찐 마왕과 목숨을 건 ? 대결이 시작된다.",9.965,네이버 웹툰
231,마계인섬,초,목,"스토리, 판타지","용이산다 초 작가의 새로운 일상판타지! 10년 전, 대한민국 바다에 갑자기 나타난 마왕의 성 . 두려움의 대상이었던 그 곳은 매직랜드 로 불리며 세계적인 테마파크가 된다. 인간들의 우려와는 달리, 그곳을 운영하는 마왕 퀴록 과 마족들은 평화로운 공존을 위해 노력하며 살아가고 있다. 그러던 어느 날 그들의 평화로운 매직랜드에 변화가 찾아오는데 !",9.857,네이버 웹툰
232,로그아웃,임목원,목,"옴니버스, 스릴러","인간이 상상하기 힘든 신기술들이 개발되고 욕망을 충족해가는 사람들... 인류에게 주어진 선물일까, 저주일까",9.613,네이버 웹툰
233,롤랑롤랑,자유,목,"스토리, 판타지",코기 왕자 롤랑과 마녀 루이사의 모험 이야기. 베일에 숨겨져 있던 대사제의 과거와 교단의 비밀이 드디어 밝혀지는데...,9.966,네이버 웹툰
234,길티액스,정샛별,목,"스토리, 판타지","눈앞의 불의를 외면하는 순간, 반드시 불행한 사람이 생긴다. 정의로운 소년 단태는 친구를 구하다가 죽었다. 그때 함께 나타난 죄 라고 불리는 괴물. 하지만 죽은 줄 알았던 단태에게 주어진 선택지. 이대로 천국으로 갈 것인가, 죄를 쳐죽이고 사람들을 구할 것인가? 단태의 처절한 단죄 액션 판타지.",9.715,네이버 웹툰
235,"그 개, 만두",호정,목,"스토리, 드라마","자네 만두는 개도 안 먹을 걸세! 산골 마을에 파리만 날리는 만둣가게 주인 공 씨. 모두에게 외면받던 그를 위로해준 건 거리에서 만난 떠돌이 강아지였으니, 귀엽고 비범한 강아지 만두와 다정한 공 씨가 들려주는 동화 같은 이야기!",9.974,네이버 웹툰
236,달의 요람,이정선,목,"스토리, 드라마","낯선 나라 유안에 끌려온 멸망국의 포로, 월영. 황궁에서 만난 건 가국을 멸망시킨 유안의 장군 연오와 대 유안 제국의 황제였다. 궁녀에서 황귀비로, 가장 낮은 곳에서 가장 높은 곳으로 거침없이 오르는 월영의 잔혹한 궁중로맨스가 시작된다.",3.704,네이버 웹툰
237,그 황제가 시곗바늘을 되돌린 사연,화영 / 용끄,목,"스토리, 로맨스","황후 리지가 숨을 거둔 뒤에야 황제 레온은 자신의 어리석음을 깨닫고 후회했지만 이미 시곗바늘은 지나갔다. 레온의 소원으로 시계탑의 마녀는 레온이 황후 리지를 처음 만나던 날로 시곗바늘을 되돌리고, 과거로 돌아간 레온에게 남은 일은 오직 리지를 행복하게 해주는 일 뿐... 하지만, 되돌린 시곗바늘의 영향력은 생각하는 것 이상으로 컸는데... 과연 레온은 리지를 행복하게 해 줄 수 있을까?",9.972,네이버 웹툰
238,성스러운 아이돌,스튜디오M / 악사,목,"스토리, 드라마","만인의 사랑을 받는 신의 대리자이자 성스러운 대신관인 렘브러리. 이세계를 침공한 마왕과 맞서 싸우다 정신을 차려보니, 대한민국 듣보 아이돌의 몸으로 깨어나 버렸다..! 그는 무사히 아이돌 생활에 적응하고 원래의 세계로 돌아갈수 있을까?",9.979,네이버 웹툰
239,루커피쳐,효정,목,"스토리, 로맨스","어려서부터 동화 삽화가를 꿈꾸던 지수. 꿈을 이루기 위해 자퇴를 하고 할머니 댁으로 간 지수는 그곳에서 도원을 만나게 된다. 꿈이 없어 고민이던 도원은 꿈을 위해 노력하는 지수에게 관심이 가는데... 잡으려 할수록 멀게만 느껴지는 꿈, 언젠가는 꿈에 닿을 날이 올까요?",9.972,네이버 웹툰
240,겟라이프,MOOHAK,목,"스토리, 판타지","그 것은... 소년들을 빛나게 하기도, 고통스럽게 하기도 하였다. 축복과 혼돈의 힘 라이프 ! 이를 둘러싼 음모와 대전쟁의 시작.",9.864,네이버 웹툰
241,어차피 남편은!,찡나,목,"스토리, 로맨스","연애만 했다 하면 남자친구가 사고, 도박, 바람, 잠수 등 온갖 사건을 만들어 패가망신 당하는 연 홍 . 왜 이런가 관상을 봤더니, 이미 지나간 인연 중에 남편이 있다고?! 전남친을 다시 찾아가야 한다는 건가? 평생 같이할 한 사람을 찾고 싶은 홍이의 남편감 찾기!",9.949,네이버 웹툰
242,집사레인저,현실안주형,목,"스토리, 액션",거대 괴수 냥이?! 도시 하나 파괴하는건 일도 아닌 고양이들이 세상을 지배한다. 2019 지상최대공모전 2기 대상 수상작!,9.941,네이버 웹툰
243,야만의 시대,신의철 / 장대현,목,"스토리, 액션","에서 나와 똑같이 생긴 사람을 발견했다! 과거도 미래도 없이 막 나가던 내 인생과 달리 부잣집 모범생으로 모든 걸 가진 듯 보이는 그 녀석은 혹시, 보육원에서 자란 내가 존재조차 몰랐던 쌍둥이?! 녀석을 찾아 시작부터 꼬여버린 인생의 실타래를 풀어보려는 찰나, 엄청난 트러블이 생기고 만다. 문명 사회로 포장되어 있지만, 인간 윤리와 도덕의 마지노선을 넘은 야만의 시대에 던져진 청춘들의 이야기",9.89,네이버 웹툰
244,소년의 기록,베어리,목,"스토리, 드라마","소년은 중학교에 입학하게 되고 주변 친구들과 선생님들의 영향을 받으며 살아간다. 1학년 때 친구들과 놀기 좋아하던 밝은 소년은 2학년으로 진학하면서 사춘기를 맞이하게 되고 신체적, 정신적으로 많은 변화를 겪게 된다. 축구선수가 꿈이었던 소년은 만화가의 꿈을 키우게 되고 그 과정에서 여러 번 넘어지고 눈물과 좌절을 반복하지만 아픔을 딛고 다시 일어서며 꿈과 함께 어른으로 성장해간다.",9.751,네이버 웹툰
245,유리와 유리와 유리,요엔,목,"스토리, 로맨스","금속공예학과 새내기 이유리는 자신의 고백을 거절했던 미술학원 선생님 권유리를 마주친다. 그리고 같은 과의 또다른 동명이인, 무뚝뚝하기로 소문난 차유리 선배는 유독 이유리에게 도움을 주는 일이 많아지는데... 세 명의 유리가 만들어 나가는 삼각관계 캠퍼스 로맨스!",9.98,네이버 웹툰
246,돌아온 여기사,이하린 / 하늘미르,목,"스토리, 로맨스","평범한 백작가 영애로 살아가던 이레나 . 그녀의 가문은 반왕 파벨루크 로 인해 하룻밤 만에 숙청당하고 만다. 가족의 복수를 위해 냉혹한 기사로 살아가던 그녀는 무슨 이유에서인지 과거로 되돌아가게 되었다. 가족을 끝까지 지키기 위해선 지난 생에서는 죽었던 황태자 칼라일 을 살려야 한다! 낮에는 레이디, 밤에는 검을 든 기사로 바쁘게 오가는 이레나. 이번에는 미래를 바꿀 수 있을까?!",9.893,네이버 웹툰
247,온새미로,여우 / 사문,목,"스토리, 로맨스","배우 지망생 해리는 특집 드라마 무영탑 오디션 준비를 위해 방문한 국립 부여 박물관에서 신비로운 분위기의 백제 유물 금동대향로 에 이끌린다. 해리로 인해 금동대향로 속에 갇혀 있던 천신의 아들 온새미로 가 깨어나고, 멈춰져 있던 인연의 굴레가 다시 움직이기 시작한다.",9.919,네이버 웹툰
248,온실 속 화초,옛사람,목,"스토리, 드라마","성공한 덕후 옛사람 작가의 미스터리 시트콤 신작! 호텔 였던 남매는 하루아침에 집안이 망해 길거리로 나앉는다. 그들은 보물이 가득하다는 숲속의 성에 대한 소문을 듣게 되고, 그 성으로 떠나기로 한다. 비밀스러운 땅굴을 통해 겨우 찾아간 성에는 남자도 반하게 하는 극강미모의 미스터리한 왕자가 살고 있었다. 어딘가 스산한 분위기인데 성 밖으로 나가는 출구가 사라져버렸다?! 온실 속 화초 처럼 살아왔던 그들의 독립과 사랑을 찾아가는 이야기!",9.962,네이버 웹툰
249,혼모노트,민수상,목,"스토리, 판타지","평온했던 ? 교실 안에 갑자기 트럭이 날아 오더니, 순식간에 반 아이들은 이세계로 순간 이동을 한다. 갑자기 등장한 괴생명체에 친구들은 하나, 둘 목숨을 잃어가고 이 위기를 구원할 사람은 이 이야기의 창조자 덕구 뿐이다. 노트를 찢는 순간, 현실이 된다.",8.597,네이버 웹툰
250,평범한 낙원,후드새,목,"스토리, 스릴러",학교에서 매일 괴롭힘당하는 현서운은 하굣길에 이상한 시선을 느낀다. 그리고 다음 날 자신을 괴롭히던 일진이 시체로 발견되는데... 이제 평범한 학교생활을 할 수 있을 줄 알았지만 이게 끝이 아니었다. 점점 드리우는 이상한 시선의 정체. 누군가 나를 계속 지켜보고 있다! 평범함을 향한 평범하지 않은 미스터리 스릴러.,9.875,네이버 웹툰
251,카루나,강호진,목,"스토리, 판타지",지옥의 군대와 맞서는 항마승병 카루나. 카루나에 도전하는 소년액션 모험 판타지!,9.769,네이버 웹툰
252,밤하늘에 구름운,견지 / 그리온,목,"스토리, 로맨스","망겜 검풍 온라인 의 초낙운, 서윤의 평범했던 일상에 등장!? 와의 좌충우돌 로맨스 지상최대공모전 1기 우수상 수상 작품",9.937,네이버 웹툰
253,멸망X초이스,텐,목,"스토리, 판타지","수능 날의 간절한 마음이 통한 건지, 정답을 알려주는 능력을 가지게 된 서준. 이 능력으로 즐거운 대학생활, 창창한 앞날만 있다고 생각했는데 갑자기 나타난 멸망의 신 앙골모아가 모든 걸 엉망진창으로 만들기 시작한다. 지구 멸망만큼은 안돼! 과연 서준은 지구와 자신의 안위를 지켜낼 수 있을 것인가?",9.915,네이버 웹툰
254,바른탕진 프로젝트,점삼,목,"에피소드, 드라마","10년 전 실종된 아버지로부터 현금 10억을 받은 나영. 출처모를 거금은 굴러들어온 복이라기보단 골칫덩이인데... 그리고 이 돈을 노리는 바람난 남편과 망할 인간들!! 한 푼도 못줘! 이 돈은 내가 혼자 다 쓴다! 하지만 평생을 일에 바치며 워커홀릭으로 살아온 나영에게 회사 밖의 일은 모든게 어렵기만 하고 지름신의 화신, 이 시대 최후의 욜로 부하직원 도준희 24세는 나영의 10억 탕진 프로젝트를 돕겠다고 발벗고 나서게 되는데...",9.159,네이버 웹툰
255,헬프미,철준,목,"에피소드, 스릴러",심부름 앱을 통한 살인범의 심부름으로 인해 할머니가 살해당했다... 할머니를 살해한 녀석의 행방을 쫓기 위해서는 심부름의 배후를 찾아야한다!,9.794,네이버 웹툰
256,보물과 괴물의 도시,이을,목,"스토리, 판타지","그 지진사고 날 부터 내 눈에 괴물들이 보여. 빠르게 변해가는 도시에서, 사라져가던 거리의 유물들이 인간에게 들러붙기 시작했다.",9.939,네이버 웹툰
257,모어 라이프,이아영,목,"스토리, 로맨스","모두가 두 개의 목숨을 가진 세계! 태어날 때부터 목숨이 하나였던 영하는 늘 주변의 걱정과 과보호 속에 자랐다. 대학생이 된 후 어렵사리 카페 알바에 도전한 영하, 그곳에서 본인보다 더 평범하지 못한 주희를 만나게 되는데... 목숨이 두 개인 세계에서 평범하지 못한 두 남녀의 목숨이 걸린 로맨스!",9.935,네이버 웹툰
258,THE 런웨이,도미 / 녹두,목,"스토리, 로맨스","하룻밤을 같이 보낸 그 남자가 내 상사라고?! 패션지 의 에디터 유지안. 그녀는 약혼자의 양다리 소식에 무작정 파리로 떠난다. 그곳에서 우연히 만난 남자와 충동적으로 하룻밤을 보내 버리고 3개월의 시간이 흐른 후, 지안의 회사에 만렙의 편집장이 프랑스에서 오게 된다. 그런데 그 남자 바로 지안과 하룻밤을 보낸 프랑스에서의 그 남자다!!",7.79,네이버 웹툰
259,외모지상주의,박태준,금,"스토리, 드라마",못생기고 뚱뚱하다고 괴롭힘을 당하며 루저 인생만 살아온 내가 잘생겨졌다는 이유로 인싸가 됐다. 어느 날 자고 일어났더니 갑자기 완벽한 외모와 몸을 지닌 사람이 되어 깨어난다면?,9.582,네이버 웹툰
260,갓 오브 하이스쿨,박용제,금,"스토리, 판타지","전국, 전세계 고등학생 중 가장 쎈 녀석을 뽑는 대회가 열린다. 허구 100 막장 액션의 끝!! 기대하시라!!!",8.896,네이버 웹툰
261,나 혼자 만렙 뉴비,"메슬로우,WAN.Z / 스윙뱃",금,"스토리, 판타지","게임 너튜버로 활동 중인 주인공 진혁은 유일하게 시련의 탑 의 엔딩을 봤지만, 게임의 인기가 하락하며 더 이상 게임 너튜버로서의 삶도 유지하기 힘들어진다. 엔딩을 보았기에 이대로 게임을 마무리하려는 진혁. 바로 그날, 시련의 탑 은 현실이 되었다. 게임의 모든 요소를 다 알고 있는 진혁은 누구보다 빠르게 모든 것을 차지한다! 진짜 고인물이 뭔지 보여주지.",9.596,네이버 웹툰
262,데드퀸,김규삼,금,"스토리, 판타지","절망에 빠져 죽음이 임박했을때, 진짜 여왕이 재림한다! 하이브 세계관의 장대한 끝, 데드퀸",9.961,네이버 웹툰
263,유미의 세포들 외전 : 프로 직장인,이동건,금,"스토리, 로맨스","유미의 세포들 드라마화 기념 특별외전. 대한국수 회사원 시절 유미의 숨겨진 이야기! 직장인 스킬을 자유자재로 사용하며 살아남는 업무력 만렙 김유미. 어느 날 나타난 한 신입사원 앞에서는 이상하게 스킬이 발동되지 않는다. 전남친과 이름이 똑같은 그 남자, 우기.",9.95,네이버 웹툰
264,1초,시니 / 광운,금,"스토리, 드라마","구조율 100 의 전설적인 소방관. 그의 특별한 능력은 긴장하는 순간, 미래가 보인다는 것! 촌각을 다투는 진짜 소방관들의 이야기",9.9,네이버 웹툰
265,죽지 않으려면,파래 / 임진국,금,"스토리, 액션",고등학생 임다준은 학교에서 늘상 괴롭힘을 당하는 게 일상이었다. 삶을 포기하기 직전 우연히 본 티비 속 동급생 살해범의 인터뷰에 감명을 받고 복수를 결심하게 된다. 복수는 성공했지만 삶은 원치않는 방향으로 흘러가게 되고.. 학교에서 나온 임다준은 범상치않은 가출팸에 들어가게 된다. 가출청소년 임다준은 더이상 학교 안 일진들에게 시달리지 않게 되었지만 그보다 잔혹한 길거리의 양아치들을 상대로 살아남아야만 한다. 삶의 끝자락에 내몰린 고등학생 임다준의 길거리 생존기!,9.93,네이버 웹툰
266,개를 낳았다,이선,금,"스토리, 드라마",사랑스러운 너와의 첫 만남부터 이별까지. 서툰 주인과 강아지 명동이가 함께 성장해나가는 이야기.,9.958,네이버 웹툰
267,광마회귀,"유진성, JP / 이히",금,"스토리, 액션","무공에 미친 광마 이자하. 그는 마교 교주의 천옥을 훔쳐 쫓기던 중 벼랑에서 떨어지게 된다. 모든 게 끝났다고 생각한 순간 눈을 떠보니, 사람들에게 무시당하던 점소이 시절로 돌아와 있는데... 게다가 억울한 누명으로 두들겨 맞고 객잔은 박살이 나 있는 상황. 점소이 시절로 회귀한 광마! 사내는 다시 미치게 될 것인가? 아니면 사내의 적들이 미치게 될 것인가.",9.932,네이버 웹툰
268,서울역 드루이드,"진설우, 문성호 / 활성곰",금,"스토리, 판타지","이세계로 사라진 뒤 천 년 만에 지구로 귀환한, 박수호. 그 사이 세상은 몬스터의 등장으로 철저한 약육강식의 세상으로 변해 있었다. 천 년 동안 처절한 생존경쟁으로 살아남은 동물의 왕 드루이드, 세계 정복에 나서다. 이제부터 이 구역의 지배자는 나다.",9.603,네이버 웹툰
269,식인귀,선택길,금,"스토리, 스릴러",주식 사기를 당해 전 재산을 날리고 취업 실패로 어렵게 살아가고 있던 최광식. 공포 컨텐츠 방송으로 돈을 벌게 해준다는 친구의 권유로 함께 폐교로 향하게 되고 그곳에서 이상한 물건을 만진 뒤로 그의 눈에 귀신들이 보이기 시작한다. 영혼을 먹는 식인귀들의 먹잇감이 된 최광식은 도망치다 우연히 퇴마사들의 도움을 받고 목숨을 구하게 되지만 여전히 식인귀들은 그의 영혼을 노리고 있는 상황. 최광식은 살아남기 위해서 어쩔 수 없이 퇴마사들을 따라가게 되고 불편한 동행을 시작하게 된다.,9.863,네이버 웹툰
270,말년용사,후딩 / 신마니,금,"스토리, 판타지",전역하기 3일 전 어이없는 사고로 죽어버린 말년 병장. 갑자기 이세계로 떠나라는 현실을 받아들이지 못하고 난리를 치다 맨몸으로 이세계에 떨어지는 벌을 받게 된다. 말년 병장의 눈물겨운 밀리터리 생존 판타지!,9.796,네이버 웹툰
271,세기말 풋사과 보습학원,순끼,금,"스토리, 로맨스","어릴 때 알던 재수없던 놈이 더 재수없는 놈이 되어 돌아왔다! 중3 황미애의 옆 빌라에 어릴 때 잠깐 시골에서 봤던 김철이 이사 와 같은 학교 같은 반이 되고 철이와 미애 라 놀림 받자 김철은 미애를 불쾌해하며 피한다. 너만 불쾌한 줄 알아? 나쁜 놈! 미애는 속이 상하지만 그럼에도 자꾸 이상한 우연으로 계속 엮이며 트러블이 발생, 결국 둘은 크게 마음이 상하고 서로 더 이상 아는 척 하지 않으려 한다. 맨날 화만내는 김철과, 황미애 인생에 처음 만나는 이상한 친구들까지 엮이게 되며 미애는 사춘기를 정통으로 겪게 되는데.... 치즈인더트랩 순끼 작가의 신작!",9.989,네이버 웹툰
272,여성전용헬스장 진달래짐,유기,금,"스토리, 드라마",숨쉬기 운동만 해본 직장인의 인생 최초 헬스 도전기! 계나리는 저렴한 가격임에도 꽤나 좋은 옥탑방으로 이사오게 된다. 그러나 알고 보니 그 방은 아래층 여성 전용 헬스장과 비밀 계단으로 이어져 있었다. 헬스장 관장이자 집주인 진달래는 리모델링으로 전세금을 다 써버린 상태. 돌려줄 전세금을 모을 동안 계나리에게 3개월간 무료 를 제안하는데..!,9.684,네이버 웹툰
273,더 게이머,성상영 / 상아,금,"스토리, 판타지","이유도 모른 채 현실이 게임처럼 뒤바뀐다면 어떻게 될까? 레벨이 오르고, 스테이터스를 올릴 수 있다면? 게임이 되어 버린 현실 속 모험기!",7.38,네이버 웹툰
274,구남친이 내게 반했다,강하다 / 희똑,금,"스토리, 로맨스",10년을 잊지 못한 첫사랑 구남친과 원수 같은 구남친을 한 오피스에서 만나버렸다. 독자님은 딸기파 초코파?! 팽팽하고 달달한 삼각 로맨스!,9.89,네이버 웹툰
275,상남자,도가도,금,"스토리, 액션","천상천하유아독존, 최고의 샐러리맨 한유현. 모든 것을 잃고 회귀하여 삶을 재설계한다!",9.974,네이버 웹툰
276,플레이어,박종석 / 오현준,금,"스토리, 액션",베댓 공약으로 어쩌다 웹툰 속 주인공이 되었다!,9.951,네이버 웹툰
277,걸어서 30분,이온도,금,"스토리, 로맨스","은하학원 위성은과 지구봉의 귀갓길 로맨스. 세상 가장 설레는 시간, 걸어서 30분",9.904,네이버 웹툰
278,성경의 역사,최경민 / 영모,금,"스토리, 드라마","모두에게 사랑 받기에 모두가 증오하는 그녀, 성경 . 원치않는 애정과 증오속에 성경의 대학 생활은 꼬여만 간다. 사랑해, 성경아.",9.082,네이버 웹툰
279,그들이 사귀는 세상,율로,금,"스토리, 로맨스","비연애를 선언한 그날, 세울의 인생에 한 번도 없었던 세 명의 남자가 눈 앞에 나타난다. 꿈에 그리던 이상형, 평생 친구일 줄 알았던 남사친, 그리고 현실적인 조건이 우수한 소개팅남까지 한꺼번에 등장한다. 세울은 과연 자신의 비연애에 대한 신념을 끝까지 지켜나갈 수 있을까?",9.971,네이버 웹툰
280,히어로 킬러,꿀벌 / 벌꿀,금,"스토리, 액션","전쟁은 빌런들의 패배로 막을 내렸다. 이제 세상은 부패한 히어로들이 지배하고 있다. 그리고, 그런 히어로들 중 하나가 이화의 언니를 죽였다. 언니를 죽인 게 누구인지는 모르지만 상관없다. 한 놈씩 죽이다 보면 그중에 있을 테니까. 이화는 매일 밤 영웅들을 사냥하는 빌런, 히어로 킬러가 된다. 한 악당의 지독한 액션 활극. 모조리 죽이고, 빼앗아 주마!",9.952,네이버 웹툰
281,환상의 용,꼬마비,금,"에피소드, 드라마",어느 대학 만화전공 교수로 재직 중인 나에겐 어린 시절 잊을 수 없는 친구가 한 명 있다. 그의 이름은 바로 용이. 여러면에서 또래와 남달랐던 친구 용이를 기억하면 할수록 그의 존재가 신비롭게 느껴져 나는 용이를 백방으로 찾아보지만 궁금증을 더할 경이로운 이야기만 추가로 전해져 올 뿐이다.,9.946,네이버 웹툰
282,A.I. 닥터,"한산이가, ZAINO / 쿠큐",금,"스토리, 드라마","태화 그룹이 미래를 걸고 개발한 진단 목적 . . 바루다! 내과 레지던트 1년 차 이수혁은 바루다를 견학하던 중 원인 모를 폭발에 휘말려 정신을 잃고 만다. 그리고 다시 정신을 차렸을 때 그는 자신의 머릿속에 존재하는 . . 바루다를 마주한다. 이미 절대 떨어질 수 없는 사이가 되어 버린 둘. 딥러닝을 계속해 세계 최고의 진단 인공지능이 되는 것이 목적인 바루다와 어려운 환경에서도 악착같이 출세를 위해 노력해 온 수혁, 그들은 의기투합해 환자를 치료해 나가며 세계 최고의 내과 의사를 목표로 활동을 개시한다.",9.966,네이버 웹툰
283,빨간맛 로맨스,사지현 / 서루,금,"스토리, 로맨스","내 첫사랑은 빨간 맛이었다. 너만 보면 심장이 두근거리는 것도, 하루 종일 네 생각이 나는 것도, 네 작은 것 하나까지 점점 더 신경 쓰이는 것도 전부 정말 단지 네 피가 달콤하기 때문일까?",9.942,네이버 웹툰
284,네버엔딩달링,울리,금,"스토리, 스릴러","남자친구의 집에서 죽어있는 나를 발견했다. 복제산업으로 생명 연장이 가능한 시대. 취준생 윤하임은 이 기술을 만든 남자친구 지근후와 연애 중이다. 어느 날, 하임은 우연히 그의 집에서 자신의 시체를 발견하고, 자신이 복제되고 있다는 것을 알아버렸다. 끊임없이 죽고, 복제 당하는 반복으로부터 벗어날 수 있을까?",9.931,네이버 웹툰
285,가슴털 로망스,갸오오,금,"스토리, 개그",최고의 상남자가 되기 위한 여행을 떠나는 장호풍과 친구들 명언범벅 눈물범벅 의리범벅 개그만화!,9.951,네이버 웹툰
286,그 기사가 레이디로 사는 법,성혜림 / Ink.,금,"스토리, 판타지","가장 가까운 친우이자 믿었던 부관의 검이 내 몸을 관통했다. 다시 눈을 떴을 땐 적국의 귀족 레이디가 되어있었다. 낯설고 연약한 타인의 몸과 잃어버린 3년의 세월, 그 사이에 망해버린 나의 조국. 배신의 아픔과 정체성의 혼란으로 정신을 차릴 수가 없었다. 그러나 나는 결국 살아가기로 했다. 루시펠라 아이딘으로써, 검을 든 귀족 레이디로서.",9.965,네이버 웹툰
287,감자마을,박지독,금,"스토리, 개그",감자 청년이 펼치는 격정막장 작물드라마! 감자마을에 살고 있는 주인공 한감자는 꿈을 이루기 위해 감자마을을 떠난다. 하지만 감자마을 밖은 고난과 역경 그 자체. 마을을 떠나자마자 예상치 못한 살인 사건에 휘말리며 위험에 처하게 된다. 과연 한감자는 무사히 살아남아 다시 감자마을로 돌아갈 수 있을 것인가?,9.957,네이버 웹툰
288,엽사:요괴사냥꾼,삼박,금,"스토리, 액션","전쟁과 요괴가 들끓는 난세의 시대. 부모에게 버림받고, 생계를 위해 약초꾼 일을 하며 살아온 소년 오석. 어느 날 도적의 꾀임에 넘어가 요괴에게 자신의 몸을 뺏길 뻔한다. 순간적인 기지와 요괴사냥꾼인 엽사의 도움으로 살아난 오석. 하지만 그의 몸 속에는 아직 요괴가 숨어있는 상태! 요괴를 꺼내줄 수 있는 사람을 찾아 마을을 떠나게 되는데..",4.888,네이버 웹툰
289,버그: 스티그마,해마 / 송지형,금,"스토리, 판타지","3차 세계대전이 일어났다! 최강의 연금술사와 그로 인해 태어난 초능력자들의 액션 판타지! 세상에 생긴 오류 이야기 시즌2, 버그 스티그마",9.616,네이버 웹툰
290,여우놀이,황혜진,금,"스토리, 드라마","평범하게만 살아온 박온유의 일상에 어느 날 찾아와 둘도 없는 베프가 된 예쁜 애 신채리. 두 사람은 서울 최상위 학군의 명문 고등학교 상목고에 진학하게 된 후, 모든 10대들의 워너비 상목고의 여우들 을 만나 아슬아슬한 여우놀이에 휘말리게 되는데 . 욕망을 품은 10대 소녀들의 사랑과 우정에 관한 이야기!",9.903,네이버 웹툰
291,역대급 영지 설계사,"문백경, 이현민 / 김현수",금,"스토리, 판타지","소설 속 귀족이 된 토목공학도 김수호. 그런데 뭐? 내 영지가 곧 망할 거라고? 그럼 살려야지. 설계하고, 건설하고, 분양해서. 전 대륙이 기다려온 특별한 기회! 퍼펙트한 교통, 최상의 학군, 쾌적한 숲세권, 원스톱 프리미엄 영지 라이프의 프론테라 남작령이 여러분을 기다립니다. 선착순 분양계약중!",9.697,네이버 웹툰
292,피와 나비,레민,금,"스토리, 판타지","어느 날 나타난 정체불명의 괴물 벌레 와, 그에 맞서는 힘을 가진 나비 의 아이들.",9.969,네이버 웹툰
293,로판 빙의 만화,싱난다,금,"스토리, 로맨스","읽던 소설 속 주인공이 된 고등학생 영희는 미래의 황후가 될 자신이 없어서 초장부터 원작 루트를 탈출하고 만다. 그렇게 옆나라에서 조용히 살던 어느 날, 우연히 자신과 똑같은 빙의자 철수를 만나게 되는데 . 한국에 돌아가고 싶은 이들은 원래의 세계로 돌아갈 계획을 세워보지만, 돈은 없다는 가장 큰 문제에 부딪힌다. 결국 그들은 만만한 음식 장사를 도전하게 되는데 ?!",9.97,네이버 웹툰
294,인피니티,2오,금,"스토리, 스포츠","축구선수가 공을 무서워한다?! 공만 오면 자동적으로 피하는 몸 때문에 괴로워하는 축구부 다민은 새로운 제안을 받는다. 야, 너 펜싱 해라! 인생 최대의 약점이 최대의 강점으로 인정받은 순간 다민은 새로운 세계에 발을 내딛는데... 귀족 스포츠 펜싱계에 말도 안 되는 천재 등장!",9.764,네이버 웹툰
295,후덜덜덜 남극전자,김민혁,금,"옴니버스, 개그","남극전자 출근 1일차, 신입사원 김정훈! 이직을 준비중입니다.",9.934,네이버 웹툰
296,닥터 프로스트 시즌 3~4,이종범,금,"스토리, 드라마",세상으로부터의 무력감. 엄습하는 두려움. 또다시 덧씌운 분노. 끝없는 혐오의 고리로 만들어진 지옥도가 펼쳐진 대한민국. 닥터프로스트와 그의 제자 윤성아가 거대한 음모를 막아선다.,9.977,네이버 웹툰
297,"주님, 악마가 되게 해주세요!",불사 / 용가리,금,"스토리, 개그","생활고의 마녀로 불리는 소녀, 백모란. 사실 그녀의 정체는 벌을 받아 인간으로 태어난 전직 악마다. 몇 번의 생을 되풀이해도 인간으로 태어나는 윤회의 굴레에서 벗어나고자 이번 생에는 전생들과는 다르게 착하고 인간다운 삶을 살고자 한다. 하지만 본성은 악하고, 세상은 그녀를 착하게 내버려두지 않는다. 과연 모란은 이번 생에 다시 악마로 돌아갈 수 있을까?",9.96,네이버 웹툰
298,거래,우남20,금,"스토리, 스릴러","고등학교 동창인 준성, 재효, 민우는 오랜만에 만나 술자리를 가진다. 얼마 후, 술에 취해 영 정신을 못차리는 민우를 재효의 자취방에서 재우다가 민우의 핸드폰으로 걸려 온 한 통의 전화를 받게된다. 그 후, 얼떨결에 민우의 납치범 행세를 하게된 재효와 준성! 그들은 과연 무사히 몸값을 받아낼 수 있을까?",9.721,네이버 웹툰
299,사람의 조각,신의철 / 천범식,금,"스토리, 스릴러","인간으로서의 의식은 돌아왔지만, 이미 육체는 썩어 죽어가는 치유된 좀비 들. 생존한 인간들을 사냥한 후, 온전한 신체를 이식받는 것만이 살아남을 수 있는 유일한 방법이다. 조각난 정신과 조각난 육체, 조각난 인간성 이미 깨져버린 사람의 조각 들만 남은 치유자들의 처절한 생존기!",9.94,네이버 웹툰
300,너의 미소가 함정,앵고,금,"스토리, 로맨스",살기 뿜뿜 살벌한 여자 차백합과 빛나는 외모를 가린 남자 안기유! 운명처럼 짝이 된 둘의 난감 빠방 스쿨 라이프!,9.986,네이버 웹툰
301,악몽일기,육공,금,"옴니버스, 스릴러","섬뜩한 악몽을 기록해둔 옴니버스식 공포 스릴러! 과연 이것은 악몽일까, 현실일까? 평범했던 주인공들의 삶이 기이한 악몽으로 변해간다.",9.78,네이버 웹툰
302,다름이 아니라,해미,금,"스토리, 드라마","어린 시절, 반 아이들에게 다름 의 초능력을 자랑하려다 거짓말쟁이로 몰리게 된 천수 . 그 후 동네를 떠났던 천수는 7년 만에 다시 돌아오게 되고 전학 간 학교에서 다름과 재회한다. 반가운 다름과 반대로 천수는 계속 다름을 피하기만 하는데... 넌 다름이 아니라 외계인이잖아!",9.7,네이버 웹툰
303,몽홀,장태산,금,"스토리, 시대극",차갑고 척박한 땅 몽홀 그 곳에서 펼쳐지는 감동의 대서사시,9.246,네이버 웹툰
304,태권보이,김우준,금,"스토리, 스포츠","성적도 장래희망도 애매모호, 뭐든 설렁설렁 대충이지만 알고 보면 태권도 고수인 주인공 김인 . 주변에서는 겨룰 자가 없을 만큼 출중한 실력을 자랑하지만 어쩐지 선수는 되려 하지는 않는다. 태권도는 사랑하지만 겨루기는 제기차기라고? 그런 인에게 운명처럼 찾아온 태권도계의 슈퍼루키 김민석과의 단 한 번의 겨루기. 이제 그들은 이기기 위해, 제대로 싸우기 위해 새로운 태권도 겨루기의 장에서 맞선다!",9.922,네이버 웹툰
305,도무지 그애는,게코,금,"스토리, 드라마","생계를 위해 아르바이트 전선에 뛰어들었으나 계속 거절만 당한 무지는 지푸라기라도 잡는 심정으로 오! 해피마트 시식 아르바이트를 시작한다. 낯선 환경에 주눅이 들지만, 거칠었던 그 곳의 첫인상이 조금씩 바뀌어 가는데.. 세상을 배워가는 수많은 그 애 들의 이야기",9.983,네이버 웹툰
306,킬러방 : 퍼스트 킬,김아가,금,"스토리, 액션","특수부대 출신이지만 평범한 회사원 방의강. 아내가 싸이코패스를 만나 간신히 도망친 사건을 계기로 범인을 잡겠다고 나서지만 오히려 그들에게 잡히고 만다. 하지만 범인들은 서로 싸우다 죽어버리고, 그 때 방의강의 앞에 한 남자가 나타나 킬러컴퍼니에 입사하라며 명함을 건네는데... 사고사 전문 성장형 킬러 방의강의 통쾌한 살인청부 스토리가 펼쳐진다.",9.634,네이버 웹툰
307,방과후 선녀,이윤후,금,"스토리, 드라마","인간의 믿음이 없으면, 우리는 존재할 수 없어. 신기를 타고났지만 신내림을 거부하며 살아온 소녀, 신선녀. 어느 날 그에게 두 신령이 찾아와 무당이 될 것을 요구한다. 예전과 같은 권능을 다시 되찾게 해준다면 소원을 한 가지 들어주겠다고 제안하는 신들. 선녀는 평화로운 방과 후를 보낼 수 있을까?",9.966,네이버 웹툰
308,아찔한 전남편,"별규, 기뭉 / 여백",금,"스토리, 로맨스","국민 여배우 하은설. 여배우 전성기 시절 남편과 첫눈에 반해서 결혼했고, 1년 만에 헤어졌다. 대한민국 톱배우였던 하은설의 입지는 바닥까지 추락했다. 하지만 하은설, 악착같이 일어나 재기에 성공했다! 그리고 4년 뒤, 그가 다시 나타났다. 전남편의 유혹에 넘어가지 않기 위한 은설의 힘겨운 사투! 과연 성공할 수 있을까?",9.89,네이버 웹툰
309,썸내일,봉수,금,"스토리, 드라마","연애 리얼리티 쇼 썸내일 에 출연한 이보배 와 오한주 . 두 사람의 러브라인은 연일 화제의 중심이었고, 프로그램 역시 절정의 인기를 끈 채 종영한다. 그러나 보배에게는 사실 진짜 남자 친구가 따로 있었고, 그 사실이 를 통해 퍼져 나간다.",9.96,네이버 웹툰
310,빨리감기,포르토 / 홍준기,금,"스토리, 스릴러",시간을 빨리감을 수 있는 명지는 하굣길에 시간을 빨리 감았다가 방금 죽어버린 친구를 앞에 둔 채 정신을 차린다. 영문을 몰라 당황하는 그녀의 앞에 누군가 나타나는데... 시간을 조종할 수 있는 또 다른 능력자들의 위협으로부터 명지는 자신과 주변을 지키기 위한 긴박한 싸움을 시작한다.,9.907,네이버 웹툰
311,팬시X팬시,인미,금,"스토리, 로맨스","어렸을 적부터 팬시 덕후로 살아온 한백지, 자신만의 팬시를 만들기 위해 팬시 디자이너가 되었다! 그러나 현실은 노답... 팬시 디자이너만 되면 좋아하는 건 뭐든 다 만들 것 같았는데. 현실과 타협하면서 점점 꿈을 잃어가는 백지는, 온스타그램에서 너무나 좋아하는 도토리라떼 의 그림을 보며 하루하루 힐링한다. 어느 날, 회사에 잘 생기고 일 못하는 신입 후배가 들어온다. 어쩌다 그가 바로 자신에게 늘 영감을 주었던 도토리라테 라는 걸 알고 놀라는 백지! 이제 드디어 그녀는 도토리라테 와 함께 새로운 도전을 하기 시작하는데...",9.948,네이버 웹툰
312,트럼프,이채은,금,"스토리, 판타지","사형 위기에 직면한 수배범 아버지와 세상 누구보다 존경하는 단장님 사이, 소년의 갈등이 시작된다. 트럼프 시즌4!",9.971,네이버 웹툰
313,백년게임,하람 / 지야,금,"스토리, 판타지","당신의 게임은 여기까지군요 백 년마다 열리는 소원 그 이상을 이뤄주는 대회, 최종 우승자는 단 한 명. 소년 한시준, 가족을 구하기 위해 모든 것을 걸고 치열한 전투에 뛰어든다.",9.799,네이버 웹툰
314,나쁜 쪽으로,오은 / 이세릴,금,"스토리, 드라마",학급 회비를 훔친 오해를 받는 선에게 마리는 책임을 묻는 대신 기묘한 제안을 한다. 그것은 구원의 손길이었을까 지상최대공모전 장려상 수상작! 나쁜 쪽으로,9.891,네이버 웹툰
315,꽃 피우는 남자,양하,금,"스토리, 로맨스",전남친에 대한 미련을 버리지 못하고 있는 대학생 한소이는 복잡한 마음을 정리하고 학업에 집중하려 한다. 학교 수업에 쓰기 위해 동네 어르신을 통해 화분을 얻는 소이. 그런데 사실 그 화분은 어떤 남자의 영혼이 갇혀있는 저주받은 화분이었다.,9.97,네이버 웹툰
316,구주의 시간,송극장,금,"스토리, 드라마","동생이 죽었다. 장례식이 끝난 뒤, 동생이 비밀 커뮤니티 어플을 통해 몰래 사람들을 만나고 다닌 기록을 발견한다. 어플 안의 모두가 용의자다.",9.968,네이버 웹툰
317,"행운을 빌어요, 용사님!",송현주,금,"스토리, 로맨스","전생에 무찌른 마왕이 현생의 직장 상사?! 마왕을 무찌른 용사의 기억을 가지고 다시 태어난 평범한 직장인 백영웅! 용사의 기억이 도움이 된 건 어릴 적 웹소설을 썼을 때뿐! 영웅은 현실에서 쓸모없는 전생의 기억을 아쉬워하며 가까스로 대기업인 대룡 의 대표 이사 비서실에 취직한다. 그런데 처음 만난 대표 이사 도연화에게 전생에서 경험한 적 있는 긴장감과 떨림을 느끼는데 ? 이건 마치, 아주 강한 마수를 마주했을 때와 같아 !! 전생 마왕, 대표 이사와 전생 용사, 말단 비서의 지독하게 얽힌 로맨스!",9.81,네이버 웹툰
318,"찬란하지 않아도 괜찮아, 새벽",까마중,금,"에피소드, 드라마","대학 졸업 후 3년, 스물일곱이 된 찬란 . 문화기자로 활동하며 오랜 연인 도래 와 연애를 이어나가고 있다. 모든 게 괜찮은 듯 보이지만, 불쑥불쑥 삶을 위협하는 상처의 조각들. 밤이 지나면 아침이 오는 줄 알았는데, 아직은 안개 낀 새벽을 지나야 한다. 여전히 찬란하지 않아도 사랑하고, 살아가는 찬란이의 일상 고백록.",9.978,네이버 웹툰
319,진짜 정말 맹세코 좋아해,개차반 / 잠괴물,금,"에피소드, 로맨스",내 눈 앞에서 사람을 죽인 정체모를 여자. 그녀가 오늘부터 나를 사랑 하겠다는데?! 약간은 무섭고 약간은 신경쓰이는 정체불명 그녀에게 사랑받는 구주오의 생존 일대기.,9.967,네이버 웹툰
320,합법해적 파르페,뼈피살,금,"스토리, 판타지",비범한 공주님 파르페의 신묘한 모험 판타지,9.96,네이버 웹툰
321,강림전기 개정기,철무장미 / 장군,금,"에피소드, 액션","얼굴 학력 성품 모든 것이 완벽한 전교 1등 우등생 하린. 그런 그의 옆자리를 차지한 괴상한 전학생이, 오늘부터 하린을 죽이겠다는데?! 무협 소설 강림전기 에서 튀어나온 악마, 최강림과의 파란만장 학교생활 판타지.",9.896,네이버 웹툰
322,매지컬 메디컬,지공,금,"스토리, 드라마",날 구하러 온 마법 세계 힐러,9.847,네이버 웹툰
323,도깨비 고개,이뫄,금,"옴니버스, 판타지","낙엽 사이의 붉은 보석과 여름 햇살로 사라진 친구. 꽃봉오리 속 비밀을 숨긴 이와 첫눈을 기다리던 남자. 이들이 원하는 건 나일까, 나를 죽이는 것일까. 뒤섞인 계절들로 이어지는 네 가지의 단편 이야기.",9.821,네이버 웹툰
324,호랑이형님,이상규,토,"스토리, 판타지",신비한 힘을 가진 아이를 이용하여 세상을 지배하려는 반인반수 흰눈썹! 그리고 얼떨결에 아이의 보호자가 된 괴물호랑이 빠르와 착호갑사 지망생 가우리! 이제 힘을 합쳐 흰눈썹으로부터 아이와 세상을 지켜라!!!,9.471,네이버 웹툰
325,프리드로우,전선욱,토,"스토리, 드라마",한태성을 중심으로 벌어지는 다양한 청춘들의 스펙타클한 학원 시트콤 드라마,9.683,네이버 웹툰
326,스퍼맨 : 전하지 못한 이야기,하일권,토,"스토리, 판타지",현자단으로부터 또 한번 인류를 구한 스퍼맨이 이번엔 밀실에 갇혔다? 낯선 곳에서 눈을 뜬 스퍼맨에게 닥친 현실은 밀폐된 공간과 사라진 동료들. 각종 요상하고 민망한 ? 함정과 트랩을 맞닥뜨린 스퍼맨은 새로운 능력자들을 만나 위기를 해결해가는데... 과연 살아서 이 곳을 탈출할 수 있을 것인가!,9.906,네이버 웹툰
327,취사병 전설이 되다,제이로빈 / 이진수,토,"스토리, 판타지","대한민국 대표 흙수저, 강성재. 불안하기만 한 군생활에 한줄기 빛처럼 다가온 전설의 취사병이 될 기회!",9.898,네이버 웹툰
328,광장,오세형 / 김균태,토,"스토리, 액션",군계일학 정점에서 조직을 떠난 기준. 15년만에 홀로 복귀한다.,9.977,네이버 웹툰
329,망나니 소교주로 환생했다,"대은호,재무 / 전마두",토,"스토리, 판타지","무림의 정쟁에 휘말려 독살당한 고금 제일의 기재, 양자각. 분명 죽은 줄로 알았으나 정신을 차리게 되고, 자신이 다른 사람의 몸에 들어와 있다는 것을 알게 된다. 알고 보니 자신이 있는 곳은 마교, 익힌 무공은 천마신공, 이 몸의 주인은 여색을 탐하고 악귀보다 더한 짓을 하는 망나니 소교주? 왜 하필이면 마교에다 이 사람인가!?",9.855,네이버 웹툰
330,최면학교,박은혁,토,"스토리, 개그","지금부터 당신은 최면에 빠집니다... 최면능력을 가진 주인공 김찬규는 여자에게 인기를 얻고 싶어 열심히 최면을 이용해보지만 매번 뜻대로 되지 않는다. 거듭되는 실패 속에 만난 비범한 능력의 소녀와 김찬규, 특별하지만 안타까운 그들의 이야기. 이것은 개그만화가 아닙니다!",9.708,네이버 웹툰
331,욕망일기,김주인 / 박태준 만화회사,토,"옴니버스, 스릴러","단편 옴니버스 외모지상주의 인생존망 싸움독학 의 뒤를 이은 박태준 작가가 참여한 신작! 인간이라면 누구나 가질 법한 욕망, 그리고 그 끝은 과연 행복일까, 파멸일까... 그가 그리는 새로운 세계로 빠져들어가보자",9.793,네이버 웹툰
332,힙한남자,혜니,토,"스토리, 로맨스","국내 요가복 회사 2위 립앤힙 의 대표인 성가은, 그토록 찾던 물복반 딱복반 엉덩이를 만나다..?! 구구까까 혜니 작가의 신작!",9.938,네이버 웹툰
333,스터디그룹,신형욱 / 유승연,토,"스토리, 액션",우등생을 꿈꾸는 최강 소년의 고교액션활극. 공부를 잘 하고 싶지만 애석하게도 싸움 실력에만 재능이 몰빵된 고등학생 윤가민. 똥통학교 유성공고에서 스터디그룹을 만드는데 . 그와 스터디 멤버들의 진짜로 피튀기는 입시이야기!,9.957,네이버 웹툰
334,나이트런,김성민,토,"스토리, 판타지",우주력 430년. 성간이동이 가능해져 별과 별을 이동하는 시대 인간은 괴수와 싸우고 있다. 기사와 함께.광활한 우주를 배경으로 판타지 가 다가온다.,9.102,네이버 웹툰
335,나를 바꿔줘,이지호 / 호띠,토,"스토리, 드라마","수상한 생명보험에 드는 조건으로, 하루 아침에 내가 원하는 외모로 살 수 있게 된다면? 인생을 바꾸기 위해 얼굴을 훔치다!",9.854,네이버 웹툰
336,청춘 블라썸,홍덕 / NEMONE,토,"옴니버스, 로맨스",이제 막 청춘을 시작하고 있는 아이들. 봄으로 가기 위한 그들의 성장통.,9.979,네이버 웹툰
337,반드시 해피엔딩,"플아다, 불사 / 재림",토,"스토리, 로맨스","쇼윈도 부부를 끝내는 날, 남편이 죽었다. 슬픔에 잠긴 아내, 연우에게 100일의 시간이 다시 찾아온다! 연우는 남편, 선재의 죽음을 막기 위해 고군분투하는데 두 번째 인생에서야 겨우 시작된 진짜 결혼생활. 뒤늦게 썸 타는 부부의 아슬아슬 안달복달 생명유지 로맨스. 이번 생은 내가 반드시 해피엔딩으로 해줄 거예요!",9.94,네이버 웹툰
338,어글리후드,미애,토,"스토리, 판타지","외계인이 유일신으로 군림한 미친 세상, 바꾸고싶다면 사탄이 되어라",9.972,네이버 웹툰
339,은둔코인,HD3,토,"스토리, 드라마","은둔형 외톨이이자 완포세대인 청년 구석기 . 무리하게 투자한 코인은 떡락하고, 하루하루 무의미한 삶을 보내던 어느 날. 집에 처박혀 허송세월 흘려버린 날들을 능력치로 교환할 수 있는 기적의 은둔코인 앱을 얻게 되는데. 과연 석기는 포기하며 살아온 것들을 다시 손에 넣을 수 있을 것인가!",9.795,네이버 웹툰
340,좀비 파이트,이저녁,토,"스토리, 액션","이안은 삶이 힘들어질수록 감정을 끄며 버텨낸다. 아버지의 폭력과 빚더미 뿐인 집안... 불행은 계속되었고 그의 신체는 점점 무감각해졌다. 통증까지 무감각해진 이안은 우연히 불법 격투 현장을 지나가다 제안을 받는다. 경기에 참가하면, 이 바닥에 있는 돈 전부 줄게. 불법 격투 경기장에서 살아남아야만 하는 그의 생존기가 시작된다!",9.946,네이버 웹툰
341,탑코너,윤성 / 라군,토,"스토리, 스포츠",수학 천재의 킥오프! 꿈을 좇는 소년들의 축구드라마,9.893,네이버 웹툰
342,피라미드 게임,달꼬냑,토,"스토리, 스릴러","매달 마지막 주 목요일 5교시, 잔혹한 서열게임이 시작된다. 이 섬뜩한 교실에서 전학생 성수지는 살아남을 수 있을까?",9.973,네이버 웹툰
343,아홉수 우리들,수박양,토,"스토리, 로맨스","연애, 직장, 시험 어느 하나 뜻대로 되지 않는 29살 봉우리, 차우리, 김우리. 제대로 걸렸다! 아.홉.수! 우리들의 팩트폭행 로맨틱 코미디!",9.98,네이버 웹툰
344,지옥급식,둘기마요,토,"에피소드, 액션","힘의 논리로 지배되는 학교, 폭력에 노출된 학생과 방치하는 교사들... 그곳에 양아치를 싫어하는 전학생이 왔다! 안전한 학교를 만들기 위한 전학생의 구조조정은 과연 성공할 수 있을까?",9.854,네이버 웹툰
345,지구식 구원자 전형,외투 / 하정수,토,"스토리, 판타지",지구의 폐쇄 안내와 게이트를 통해 등장하는 끔찍한 존재들. 인간의 존엄이 짓밟히는 파멸 속에서 세상을 구하려는 구원자 박정우의 일대기가 시작된다.,9.72,네이버 웹툰
346,"나태 공자, 노력 천재 되다","doip, 이등별 / 도도문",토,"스토리, 판타지",잠을 도피처로 삼아 온 소년 아이른 파레이라. 사람들은 그를 나태 공자라 부르며 조롱했지만 그는 변할 생각이 없었다. 어느 날 어느 검사의 꿈을 꾸기 전까지는... 그것은 그저 묵묵히 수십 년간 검을 휘두르며 단련하는 한 재능 없는 사내에 관한 꿈이었다.,9.939,네이버 웹툰
347,태백 : 튜토리얼 맨,이난 / 백세,토,"스토리, 판타지",초보스킬만 .999! 자아를 갖게 된 튜토리얼 의 모험기!!,9.94,네이버 웹툰
348,메트로헌터,두엽 / 척준경,토,"스토리, 판타지",대한민국의 수도인 서울. 지하철역 곳곳에서 정체를 알 수 없는 몬스터들이 나타났다. 하지만 걱정하지 마라 이 위기에서 당신을 구원해 줄 해결사들이 있으니까. 우리는 그들을 메트로 헌터 라고 부른다!,9.389,네이버 웹툰
349,감 비서가 고장났다,"파란드, 퀀퀀 / 퀀퀀",토,"스토리, 로맨스","언제나와 같은 야근길, 붕어빵 사고 남은 돈으로 지른 로또에 무려 1등으로 당첨된 유은 . 워라밸 없기로 악명높은 사장 도혁 의 비서 일부터 당장 때려치우려 했지만 제가 요즘 감 비서 생각으로 머릿속이 가득 차 있거든요. 사장님이 고장났 아니, 밑도 끝도 없이 말랑말랑해졌다? 이제 와서 사람 흉내내도 소용없다며 밀어내려해도, 미남계를 곁들인 콤보 공격에 점점 흔들리는 유은. 그녀는 알까, 도혁도 똑같은 생각을 하고 있다는 것을. 감 비서가 고장났다. 반드시 원래대로 고쳐놓고 말겠어.",9.801,네이버 웹툰
350,공유몽,주신 / 유령선,토,"스토리, 판타지",자각몽을 뛰어넘은 또 다른 꿈의 세계가 있다면? 꿈을 빼앗긴 자들이 모이는 곳,9.944,네이버 웹툰
351,왕년엔 용사님,고샤 / 솔렘,토,"스토리, 판타지","동네 슈퍼 아줌마 명옥 에게 어딘가 낯익은 불청객이 찾아온다. 뭐?! 마왕을 봉인해달라니, 난 올해로 49살이라고!! 2019 최강자전 대상 수상작!",9.95,네이버 웹툰
352,웰캄투실버라이프,솔녀,토,"에피소드, 일상","보고만 있어도 힐링되는 할아버지, 할머니와의 일상! 라떼는 말이야 금지!! 황혼 청춘의 본격 소통 이야기",9.973,네이버 웹툰
353,먹이,외눈박이 / 박수봉,토,"옴니버스, 스릴러",불길한 것들이 현실로 넘어오기 시작했다 귀신을 보는 아이들과 그들이 겪는 악몽 같은 이야기들.,9.939,네이버 웹툰
354,남편을 만렙으로 키우려 합니다,"누오바, 유기농 / 컬린",토,"스토리, 로맨스","무심한 남편 때문에 외롭게 삶을 마감한 앰버. 회귀하여 결혼 첫날밤으로 돌아온다 ! 전생을 되풀이하지 않기 위해 가난한 공작가를 부흥시키고, 남편과 깔끔하게 헤어지려 하는데 부인이 내키시는 대로 저를 대해주십시오. 180도 달라진 남편의 모습에 당황스럽다!",9.962,네이버 웹툰
355,단편.zip,웹툰작가,토,"옴니버스, 드라마","짧고 강렬하고 신선한 단편 모음 . 장르, 소재, 설정, 길이 제한 없음! 매주 새로운 단편들이 공개된다!",9.655,네이버 웹툰
356,남자주인공의 여자사람친구입니다,류희온 / 카콘,토,"스토리, 로맨스",어느 날 눈을 떠보니 소설 속 악녀로 환생 해버렸다 ?! 살기 위해서는 남자 주인공을 피해야만 한다!,9.959,네이버 웹툰
357,내게 필요한 NO맨스,마그네슘,토,"스토리, 로맨스",베프의 결혼식에서 나 혼자 솔로임을 알게 된 아연. 아연은 혼자 남을 두려움에 신을 원망한다. 그리고 갑자기 엄청난 남자들과 엮이기 시작하는데..? 2019 지상 최대 공모전 3기 장려상 수상작!,9.984,네이버 웹툰
358,왕세자 입학도,무번,토,"스토리, 드라마","조선 후기, 성균관에 자그마한 신참이 들어온다! 모종의 이유로 정체를 숨기고 성균관 유생이 된 왕세자가 보고 겪는 체험! 민중의 현장!",9.984,네이버 웹툰
359,군주,박산하,토,"스토리, 스포츠",천식 환자 제갈길 은 종합격투기 선수였던 형의 원한을 갚기 위해 필사적으로 를 배운다. 카이저 헤비급 세계챔피언 라이버다크게세이라 에게 도전하기 위해 무수한 강자들과 싸우며 꺾어 가는 전투과정이 펼쳐진다.,8.621,네이버 웹툰
360,같은 학교 친구,유유,토,"스토리, 로맨스",항상 바른 자세를 하는 같은 반 친구 겨울이. 요한이는 그런 겨울이가 왠지 신경 쓰인다. 그때 마침 짝이 된 두 사람. 가까워진 자리만큼 마음의 거리가 좁혀져 간다. 두근대는 심장 소리. 피어오르는 얼굴의 이 열기를 뭐라고 부르면 좋은 걸까? 어쩔 줄 모르는 소년소녀의 첫사랑 이야기.,9.977,네이버 웹툰
361,"저무는 해, 시린 눈",MURO,토,"스토리, 드라마",태양의 신 카리야의 가호를 받은 마녀 힐데가르 . 고향을 잃은 북부인 에르킨 은 마녀를 쫓아 이름 없는 성으로 향한다.,9.967,네이버 웹툰
362,중매쟁이 아가 황녀님,"지미신,박카린 / 박카린",토,"스토리, 로맨스","피폐 소설 속 아가 황녀로 환생하게 된 주인공은, 자신을 키우면서 고생하는 이모를 위해 폭군 남주인 삼촌이 있는 궁으로 들어설 결심을 한다. 그런데 실제로 만난 삼촌은, 그저 애정결핍이 쪼 끔 있어보일 뿐인데..? 이모도 사랑하고 삼촌도 사랑하는, 아가 황녀님의 러블리 중매 소동",9.957,네이버 웹툰
363,동네몬스터,이현민 / 이세형,토,"스토리, 액션",화려한 과거의 아저씨 정의의 고등학생 두 명의 몬스터가 동네의 평화를 지킨다!,9.893,네이버 웹툰
364,율리,돌배,토,"스토리, 드라마",신의 사원의 대도서관 관장인 쿠무치는 한 노예시장에서 율리라는 이름의 아이를 데려온다. 사원의 일꾼 대신 율리에게 맡겨진 임무는 이웃나라로 함께 가서 사원의 지도자인 하늘스승 의 후계자를 찾아 데려오는 것이다. 쿠무치와 율리는 신의 사원을 나와 동쪽으로 떠나는 먼 길을 떠난다. 두 사람은 여행길에 여러 다양한 사람들을 만나고 여러 나라를 거쳐 여행한다. 그리고 그들은 드디어 찾고 있었던 작은하늘스승 을 만나게 된다.,9.979,네이버 웹툰
365,압락사스,247,토,"스토리, 스릴러",사이비 종교가 장악한 지역. 그곳에선 무자비한 살인마 황호인의 범죄와 함께 전염병까지 번져나간다. 꼬일대로 꼬인 악의 연대기.,9.811,네이버 웹툰
366,함부로 대해줘,선우,토,"스토리, 로맨스",지금도 조선시대는 이어지고 있다?! 성산마을에서 온 철벽남 제자 신윤복과 저돌적인 직진녀 스승 김홍도의 본격 디펜스 로맨스.,9.943,네이버 웹툰
367,팔려 온 신부,"지기, 시크크 / 지기",토,"스토리, 로맨스","고군분투 성장 사극 로맨스! 오백 냥, 그 돈의 값어치를 다할 때까지 그대는 내 신부다. 조선 최대 화룡 상단의 대행수 최태웅. 세상의 모든 걸 돈으로 사고팔던 그가 과연 신부까지 돈으로 살 수 있을까?",9.915,네이버 웹툰
368,"나를 길들여 봐, 차비서",글쓰는 귀신 / 홍주,토,"스토리, 로맨스","개망나니 재벌2세를 사람 만들면 3억을 받는다! 뛰어난 외모와 우월한 피지컬을 가졌지만 망나니처럼 행동하는 재벌2세 강주원을 간신히 사람 구실하게 만들어놨더니, 나 좋다고 달려드니 이를 어째! 돈만을 위해 악착같이 살아온 차영애는 3억과 사랑 사이에서 갈피를 잡기 어렵다.",8.391,네이버 웹툰
369,키스 식스 센스,갓녀 / 조코봉,토,"스토리, 로맨스","키스하는 순간 미래가 보인다! 키스하면 미래가 보이는 예술은 실수로 상사 차민후 팀장의 목에 키스를 한다. 그 순간 예술은 미래에 차민후와 함께있는 자신의 모습을 보게 되는데 그런데 왜 하필 침대에서 뒹구는 모습인 거야?! 썸은 커녕 언젠가 회사 그만 둘 때 꼭 뒷통수 한 대 후려치고 갈 생각이었는데 ! 어떻게든 끔찍한 미래가 현실이 되지 않게 열심히 부정해보지만 이 남자, 자꾸만 나한테 다가온다! 원수보다 못한 우리 사이, 진짜 로맨스가 있긴 한 거야?! 아슬아슬, 화끈한 초감각 로맨스 키스 식스 센스 .",9.951,네이버 웹툰
370,오늘부터 천생연분,노승아 / 달노도,토,"스토리, 로맨스",떠오르는 스타이자 오랜 소꿉친구인 소다경 과 지민우 스캔들에 휘말려 시작한 공개 비즈니스 연애 가 급속도로 결혼 까지 발전한다! 하지만 일사천리로 진행된 이 결혼 어딘가 수상한데...?!,9.927,네이버 웹툰
371,주욱 같은 하루,미티 / 민영,토,"스토리, 드라마","구남친과 절친의 배신에도 악착같이 인생을 살아온 오내리 어느 날부터 매일 밤 12시가 지나면 아무도 그녀의 하루를 기억하지 못한다. 하지만 1000일이 지난 끝에 그녀의 어제를 기억하는 웹툰작가 지금일 이 나타나고, 그녀는 쓰레기 같은 구남친 현재승 에게 웹툰으로 복수하기로 하는데..",9.706,네이버 웹툰
372,더 나우,이니,토,"스토리, 스릴러","10년 전의 순진한 나를 만났다. 내가 다 고쳐줄게, 우리 인생 과거 사건으로 인한 트라우마로 결국 28살에 스스로 죽음을 택한 권지금 그러나 정신차려보니 끔찍한 그 일 이 발생하기 직전인 10년 전 과거로 돌아와있고, 열 살 어린 자기자신과 마주하게 되는데... 그녀는 행복해질 수 있을까?",9.909,네이버 웹툰
373,좋은데 어떡해,여은,토,"스토리, 로맨스","맘에 드는 사람이 생기면 일단 표현하고 직진하는 탓에 짝남, 썸남에게 전부 차이기만 하고 연애를 좀처럼 시작할 수가 없는 정연우. 그런데 갑자기 연우에게 남자들이 다가온다...?! 중학교 동창 서지완, 같은 과 동기 권우주, 동아리 선배 강하경까지! 이번엔 연애를 시작할 수 있을까?",9.723,네이버 웹툰
374,모두 너였다,"이순기, 이재익 / 오정호",토,"스토리, 로맨스","근 미래, 생체공학박사이자 클론 테스터 유리 는 남편의 외도로 하루하루를 고통 속에 살고 있다. 그러던 어느 날, 한달 후 폐기될 운명의 최신형 연애클론 빅터 를 테스트하기 시작한다. 그녀는 어느샌가 빅터로부터 마음의 위안을 얻는 한편, 남편이 자신에게 저지른 끔찍한 일들을 깨닫게 되는데...!",9.954,네이버 웹툰
375,도사 가온,김상민,토,"스토리, 판타지",도사가 되고픈 소년 가온과 무명도사의 도술액션 모험판타지!,9.929,네이버 웹툰
376,"안녕, 이바다씨",문나영,토,"스토리, 로맨스",물이 무서운 여자와 물에 사는 남자의 청량미 넘치는 여름 로맨스!,9.933,네이버 웹툰
377,아가사,이다인,토,"스토리, 드라마","다만 너를 사랑한 것이 나의 죄였다... 그저 사랑하는 이와의 자유로운 일생을 꿈꾸었던 왕비 아가사 . 두 눈이 가려진 채 살아온 그녀 앞에, 은밀하게 감춰져 왔던 왕국의 비밀들이 드러나게 되는데... 어둠 속 마주한 진실의 끝자락. 배신과 암투, 갈망과 사랑, 인간적인 고뇌와 선택... 과연 그녀는 무너지지 않고 여명의 끝자락을 붙잡을 수 있을까.",9.939,네이버 웹툰
378,후아유!,이범 / 이도윤,토,"스토리, 로맨스","매번 변하는 말투와 행동. 너, 대체 정체가 뭐야?",9.975,네이버 웹툰
379,2-3승강장,김민찰스,토,"스토리, 스릴러",적당한 인싸 새내기 강현수 는 지하철을 타고 가던 중 누군가로부터 협박 톡을 받는다. 협박 톡을 보낸 범인은 강현수를 위협하며 여러 가지 지시를 내린다. 강현수는 범인의 정체를 알아내려 노력하지만 예상은 모두 빗나간다. 찾아낸 단서는 범인이 강현수를 잘 알고 있는 사람 이라는 것뿐. 상황은 걷잡을 수 없이 흘러가고 강현수는 결국 범인과 마주하게 된다. 그리고 사건의 진상이 밝혀지는데.. 2 3 승강장에 탄 모두가 피해자며 가해자다. 2020 지상최대공모전 대상 수상 작품!,9.772,네이버 웹툰
380,광해의 연인,유오디아 / 러시,토,"스토리, 로맨스","아빠를 구하기 위해 조선시대로 타임슬립 한 경민. 그리고 그곳에서 만난 광해군, 400년의 시간을 뛰어넘은 특별한 사랑이야기",9.735,네이버 웹툰
381,손 잡아 볼래?,예타쿠,토,"스토리, 로맨스","지난 생각을 하면 이불을 뻥뻥차게 만드는 똥차같은 전 연인들! 만약, 연인과의 사랑의 결말을 알 수 있으면 똥차는 거르고 손쉽게 운명같은 사람을 알 수 있지 않을까? 그 궁금증, 해결해드립니다.",9.959,네이버 웹툰
382,인간졸업,진자 / 정생,토,"스토리, 드라마",세상을 떠들썩하게 한 코딩 영재 소경민의 죽음. 하지만 석연찮다. 혹시 그가 죽지 않은 거라면...?!,9.558,네이버 웹툰
383,아침을 지나 밤으로,손지은,토,"스토리, 판타지",사과나무의 대가로 48일간 아이를 빌려가겠습니다 기묘한 편지와 함께 사라진 동생 녹스를 찾아 헤매는 마네의 모험을 그린 정통 판타지 2019년 네이버웹툰 최강자전 2위 수상작!,9.941,네이버 웹툰
384,먹지마세요,노도 / 비버,토,"스토리, 판타지",달콤한 복숭아 소년 ? 요괴와 귀신들에게 쫓기다.,9.869,네이버 웹툰
385,친구의 비밀계정,남방과일차 / 오제이,토,"스토리, 드라마",랜선친구 공주 가 죽었다. 죽음의 비밀을 풀 수 있는 건 3년간 공주와 대화한 혜경 뿐! 폰 안의 대화 기록으로 그녀의 죽음을 쫓아야 한다. 공주를 죽인 건 누구인가,9.942,네이버 웹툰
386,싸움독학,박태준 / 김정현,일,"스토리, 액션",힘없고 가진거 하나 없이 맞고만 살던 나였는데... 우연히 비밀의 뉴튜브를 발견하게 되고 갑자기 떼돈을 벌었다.,9.883,네이버 웹툰
387,수희0(tngmlek0),생일기분,일,"스토리, 드라마","가난한 집안, 어려운 형편에도 굴하지 않고 꿋꿋이 살아 가는 회사원 조수희. 우연한 계기로 인터넷 방송을 시작하게 된다. 처음엔 별 생각 없이 시작했던 인터넷 방송이 점차 수희의 삶의 균형을 무너뜨리게 되는데...",9.875,네이버 웹툰
388,이번 생도 잘 부탁해,이혜,일,"스토리, 로맨스",19회차 인생 로맨스의 최대 라이벌은 18회차 때의 나? 전생을 기억하는 여자의 저돌적 로맨스,9.982,네이버 웹툰
389,열렙전사,김세훈,일,"스토리, 판타지","퀘스트를 클리어 하는 자, 모든 것을 얻을 것이다 현실 밖의 현실, 루시드 어드벤쳐 최강의 용사 열렙전사 와 동료들이 벌이는 본격 어드벤쳐.",9.893,네이버 웹툰
390,약한영웅,서패스 / 김진석,일,"에피소드, 액션","선천적으로 약한 소년이 두뇌와 도구, 심리를 이용하여 싸운다. 이제 그의 또 다른 이름은 은장백사 다.",9.685,네이버 웹툰
391,입학용병,YC / 락현,일,"스토리, 액션","어린 시절 비행기 추락 사고의 유일한 생존자 유이진. 살아남기 위해 용병으로 살아가던 유이진은 10년 후, 가족이 있는 고향으로 돌아왔다.",9.787,네이버 웹툰
392,투신전생기,청담,일,"스토리, 액션","인류 최강자의 회귀 액션 판타지. 역겨운 신들이 줬다고 해도 기회는 기회. 뒈지고 싶다는데 죽여 줘야지. 인류 최후의 생존자 제피르. 마신과의 고독한 싸움은 패배로 끝났으나, 신들이 준 기회로 10년 전으로 돌아왔다. 모든 것을 빼앗아갔던 마신과 인간을 구경거리 취급한 신들. 이번에는 내가 너희를 물어뜯겠다.",9.922,네이버 웹툰
393,어느날 갑자기 서울은,박창근,일,"스토리, 스릴러",닿는 순간 먹이가 된다. 어느 날 갑자기 서울을 덮친 끔찍한 변이 바이러스! 서울로 수학여행을 온 연우는 평소 짝사랑하던 같은 반 소연과 친해질 수 있다는 생각에 설렌다. 그때 서울 관광 중인 연우네 반 앞에 나타난 정체불명의 세포들. 접촉하면 감염자를 흉측한 모습으로 변이시켜버리는 세포들 때문에 연우와 같은 반 친구들의 수학 여행은 지옥으로 바뀌어버리는데...! 연우는 무사히 서울을 벗어날 수 있을까?,9.851,네이버 웹툰
394,소녀재판,루즌아 / 보로콤,일,"스토리, 드라마",학교에서 아무것도 아니었던 소녀의 예측불허 재판이 시작된다! 평범한 박가을은 소위 잘나가는 그룹 에 속하는 한유현의 비밀스러운 사건을 목격하고 이를 이용해 한유현을 협박해서 본인이 동경했던 그룹에 속하고 싶어하는데...,9.938,네이버 웹툰
395,"곱게 키웠더니, 짐승","이른꽃,티바 / 여슬기",일,"에피소드, 드라마","반쪽짜리 황녀 블론디나. 외로운 그녀의 유일한 친구는 귀여운 고양이...가 아니라, 만인이 두려워하는 흑표범 신수 에이몬! 자신과 닮아 외로워 보이는 신수님을 치료해주고, 간식 주고, 곱게 키워줬더니... 그렇게 도망가면 사냥하고 싶어져. 오히려 곱게 잡아먹히게 생겼다?!",9.976,네이버 웹툰
396,천하제일인,권순규 / 신권이,일,"스토리, 액션","걸렸다하면 영혼까지 탈탈 털어 참교육 시켜주시는 화악골 심부름꾼, 소마. 가공할 마령성의 위협으로부터 화악골을 지켜야 하는데... 지킬 수... 있을까??",9.832,네이버 웹툰
397,경자 전성시대,김호드,일,"스토리, 개그","연애의 정령 김호드 작가 신작. 남들보다 강한 그녀, 육경자가 돌아왔다!! 연인과 헤어지고 취업도 번번이 실패하며 힘든 하루를 보내던 경자는 더 쉴드 라는 대기업으로부터 스카우트 제안을 받게 된다. 학벌도 빽 ? 도 없는 경자는 의아해하지만 따뜻하고 안락한 실내 사무직을 꿈꾸며 면접을 보러 가는데... 회사도 직원들도 면접자들도 모두 심상치 않다?!",9.928,네이버 웹툰
398,테러대부활,한동우 / 고진호,일,"스토리, 액션","드디어 테러맨과 부활남이 만났다. 파괴는 부활의 시작이다. 새로운 악의 등장으로 전세계가 위험에 빠진다. 불행을 보는 능력을 가진 민정우와 다시 살아나는 능력을 가진 석환, 두 히어로는 다른 선택을 하게 되는데.. 과연 최후의 승자는? 한동우 고진호의 슈퍼스트링 첫 크로스오버 작품",9.923,네이버 웹툰
399,오로지 너를 이기고 싶어,아마도지 / 사삭,일,"에피소드, 로맨스",태어나서 단 한번도 패배해본 적 없는 남주 이기고 그런 이기고를 처음으로 패배하게 만든 여주 오로지 과연 이 내기 의 승자는 누가 될 것인가?,9.964,네이버 웹툰
400,나만 보여!,LICO,일,"스토리, 드라마","학교 익명게시판이 나에게만 실명으로 보인다면? 교내 익명 어플 몰래몰래 에는 여러 가지 비밀들이 매일 익명으로 올라온다. 10년째 소꿉친구인 하영 을 짝사랑 중인 민준 은 몰래몰래 다운로드 중 생긴 오류로 인해 익명 게시글들이 모두 실명으로 보이게 되고, 하영 의 남자친구인 기주 가 바람피우고 있다는 충격적인 사실을 알게 되는데...",9.682,네이버 웹툰
401,천치전능,김칸비 / 송래현,일,"스토리, 드라마",학창 시절 매일 폭력 사건을 일으키던 문제아 김전지는 오토바이 사고로 다리를 다쳐 현역 ? 에서 은퇴하고 훌륭한 사회부적응자로 살아가고 있다. 그러던 어느 날 육교 위 거지 노인과 시비가 붙게 되어 거지 노인에게 행패를 부리고 마는데.... 그 노인이 하필이면 신 ?,9.864,네이버 웹툰
402,살아남은 로맨스,이연,일,"스토리, 판타지","로맨스 소설에 빙의해 행복한 삶을 살던 채린. 그녀의 눈에 남자주인공인 제하 외에는 모두 검은색 그림자로밖에 보이지 않는다. 그리고 갑자기 바뀐 소설의 장르. 살아남으려면 엑스트라들과 손을 잡아야 한다!! 화장 지워주는 남자 이연 작가의 차기작, 세상에 이런 장르는 없었다!",9.979,네이버 웹툰
403,내일,라마,일,"옴니버스, 드라마","다 되는데 취업만은 안되는 취준생 최준웅 27세,남 우연한 사고로 저승독점기업 주마등의 저승차사들을 만나게되고 특별 위기관리팀의 계약직 막내로 일하며 위기에 처한 사람들을 돕게 되는데.",9.98,네이버 웹툰
404,마법스크롤 상인 지오,엄재경 / 호패,일,"스토리, 판타지","마법사인 듯, 마법사 아닌 마법사 같은 너! 오지오!",9.912,네이버 웹툰
405,별이삼샵,혀노,일,"스토리, 드라마",나니? 발신자 제한번호로 그녀에게 마음을 전했던 이야기. 남과여 혀노 작가가 담아낸 촌스럽지만 풋풋했던 2000년대 그 시절.,9.971,네이버 웹툰
406,사실 마법이었던 거임,박성현,일,"스토리, 개그",사장님을 잠금해제 박성현 작가의 예측불가 개그 신작! 마술인 줄 알았는데 사실은 마법이었다!? 마법사 이스트 도널드 우르사우르스 는 인간계로 유배되어 이도우 라는 이름으로 살아가고 있다. 고등학교를 무사히 졸업해야만 마법계로 돌아갈 수 있다는데..! 도우는 평범한 학교생활을 하고 싶지만 주변에서 가만히 내버려 두질 않는다. 수많은 위기를 극복하고 다시 마법계로 돌아갈 수 있을까?,9.86,네이버 웹툰
407,예쁜 사나이,영원,일,"스토리, 드라마","무시무시한 외모와 강한 완력. 공포와 두려움을 주는 존재. 남자 중의 남자 상남자 로 불리는 노다지 하지만 속마음은 누구보다도 친구들과 잘 지내고 싶은 평범한 고등학생일 뿐! 어느 날 예쁜 외모를 뽐내는 영기 가 전학을 오게 되고, 인기폭발인 그 모습에 무릎을 탁 아니 쾅! 치게 되는데 과연 다지는 편견과 선입견에 맞서 예뻐질 수 있을 것인가?!",9.848,네이버 웹툰
408,판사 이한영,문성호 / 전돌돌,일,"스토리, 드라마","법정 안에서 정의를 실현할 수 있다고 믿었던 판사 이한영은 상관의 명령을 따르지 않고 재벌에게 실형 선고를 내렸다가 살해당하고 만다. 하지만 어렸을 적 들었던 땡중의 헛소리 때문일까? 이한영은 모든 기억을 가지고 두 번째 삶의 기회를 얻는다. 오로지 정의밖에 모르는 사법부의 이단아 이한영, 세상이 그를 필요로 한다.",9.967,네이버 웹툰
409,구름이 피워낸 꽃,비온후,일,"스토리, 로맨스",이름뿐인 왕녀에서 진정한 왕녀로! 아름다운 연꽃 아래 가려진 궁중 로맨스,9.49,네이버 웹툰
410,벚꽃이 흩날릴 무렵,황양,일,"스토리, 드라마",살인미수 현장에서 체포된 범인. 범인은 고등학생이었다. 그 고등학생의 자백이 시작된다.,9.852,네이버 웹툰
411,혀로 만난 사이,집손이,일,"에피소드, 로맨스","맵고 짜고 단거!에 환장하는 야식러버 예능 막내 피디 신달아. 식단 관리 끝판왕 탑배우 조진국과...혀가 연결되었다?! 이후 진국은 자신의 핫바디를 지켜내기 위해 달아의 야식인생을 끝장내려 갖은 수를 쓰는데.. 그렇게 시작된 두사람의 식.단.전.쟁! 한편, 굶주린 달아 앞에 나타난 매력적인 셰프가 있었으니.. 그의 다정한 요리는 달아의 마음을 온통 빼앗고 셰프와의 본격 썸이 시작된다. 달아가 먹는 것을 막으려는 배우 진국과 달아에게 뭐든 먹이고 싶은 썸남 셰프 두 남자 사이에서 갈팡질팡하는 달아의 혀 끝에는 어떤 달콤함이 남게될까? 혀로 만나게 된 세 사람의 짜릿한 삼각로맨스가 시작된다! 2020 지상최대공모전 장려상 수상작!",8.077,네이버 웹툰
412,AI가 세상을 지배한다면,POGO / HOOPA,일,"옴니버스, 판타지","한국은 최첨단 개발에 성공한다. 그 후 100년, 세상은 를 지도자로 맞이한다. 기술 발전의 특이점이 온 세상. 삭막하고도, 기괴한 풍경을 그린 옴니버스.",9.944,네이버 웹툰
413,강남도깨비,이경민 / 송준혁,일,"스토리, 판타지","전세계 44명, 황금의 피를 가진 전교1등을 노리는 도깨비가 나타났다. 지상 최대 공모전 최우수상 수상작!!",9.901,네이버 웹툰
414,학교정벌,나락 / 지앤,일,"스토리, 판타지","학교는 공부하는 곳이 아니다. 학생의 성적과 재능이 무기가 되고, 학교가 이동 요새가 되어 벌어지는 학교정벌! 밑바닥 학교의 전교회장인 마파람이 보여주는 뜨거운 반란.",9.886,네이버 웹툰
415,동생친구,님니,일,"스토리, 로맨스","사고로 부모님이 돌아가신 후 고등학생인 남동생과 둘이 살고 있는 대학교 3학년 가은. 아픔을 겉으로 티내지 않고 밝고 자신감 있게 살고 있다고 본인은 생각 중이다. 딱 자기 취향이었던 남자 친구에게 차인 후 더 이상 연애를 하지 않겠다고 생각했지만, 어릴 때부터 알고 지내던 아는 동생 도완, 동생의 반 반장 상우,알바 중인 미술학원 수강생 준과 엮이며 별안간 연하남들의과 미묘한 분위기가 된다. 동생 친구와 결혼하기로 했다며 친구들에게 청첩장을 건네는 가은. 과연 셋 중 누구와 결혼하게 될까...?",9.974,네이버 웹툰
416,불순물,우열,일,"스토리, 스릴러","웹툰 작가 병호는 데뷔작을 끝낸 후, 1년이 넘도록 차기작을 내지 못하고 있다. 그런 병호에게 연쇄 살인마 건민이 찾아온다. 그는 병호에게 자신의 일대기를 만화로 제작해보지 않겠냐는 제안을 한다. 병호는 주저하지만, 소재에 대한 욕심과 건민의 살인 증거를 모아 신고를 하겠다는 정의감으로 제안을 받아들인다. 두 마리 토끼를 잡으려는 병호의 계획은 과연 성공할 수 있을 것인가?",9.811,네이버 웹툰
417,생존로그,이노,일,"스토리, 액션",구독자 300만을 자랑하는 위투버 쌈쏜 은 다섯 명의 들과 함께 무인도 섬에서 방송을 시작한다. 그들은 보다 자극적인 컨텐츠에 욕심이 생겨 섬의 더 깊은 곳으로 들어가고 무인도인줄 알았던 그곳에는 언제 지어졌는지 알 수 없는 낡은 벙커가 있다. 호기심과 두려움이 공존하던 그 때 일행을 위협하는 무언가 의 습격이 시작된다.,9.814,네이버 웹툰
418,취향 소개소,이다몽,일,"스토리, 로맨스","머리카락을 뽑으면! 이다몽 작가의 신작! 캠퍼스 로망따윈 멀리 던진 채, 고학점과 효율적인 시간관리를 최우선으로 여기는 자발적 아싸 김주연. 새학기를 맞아 학점얻기 쉬운 꿀 교양이라는 즐거운 힐링라이프 를 수강하지만, 주연은 첫 과제부터 1점 처리를 당할 위기에 놓인다. 마땅한 취미도 없고 본인의 취향도 딱히 없는 무색무취 주연은 교수의 권유로 취향 소개소 라는 정체 모를 곳을 방문하게 되는데... 주연이 앞에 나타난 수상한 동아리, 취향 소개소 . 당신이 좋아할 만한 다양한 취향을 소개해드립니다!",9.92,네이버 웹툰
419,거래하실래요?,99C / 백도,일,"스토리, 로맨스","새로운 사랑은 중고거래로 장만하세요 ?! 남친과 헤어진 후, 추억의 물건을 중고거래 어플 동네마켓 에 팔던 한결. 하지만 곧 구매자가 전 남친이란 걸 알게 되고... 당황하던 한결은 때마침 나타난 중고남친 으로 위기를 모면하는데 ! 전 남친 강현과 새로운 인연 이안, 이 삼각관계의 엔딩은 무엇일까? 참새는 새!신부 작가들의 신작!",9.876,네이버 웹툰
420,평행도시,고다,일,"스토리, 판타지","날 찾아온 또 다른 나..? 극악무도한 도플갱어의 습격, 그리고 눈 앞에 펼쳐진 끔찍한 평행세계. 다시 예전의 삶으로 돌아갈 수 있을까?",9.908,네이버 웹툰
421,아르세니아의 마법사,박성호 / SAYM,일,"스토리, 판타지",평범한 고등학생에서 벗어나 레드 드래곤 레이어드에 의해 아르세니아 대륙으로 소환된 이결. 집으로 가기 위해서는 마법사가 되어서 드래곤 하트 조각을 모아야만 한다! 마법사가 되어버린 고등학생 이결은 새로운 동료들과 함께 아르세니아 대륙 모험을 시작한다!,9.914,네이버 웹툰
422,합격시켜주세용,이온,일,"스토리, 판타지",천년째 용이 되려는 수험생 바리와 전설의 과외선생 찬영이의 낙동강 용 합격 수기,9.976,네이버 웹툰
423,전설의 화석,청종 / 아뷰,일,"스토리, 판타지","3년 간의 고생 끝에 북부의 마왕을 쓰러뜨리고 집에 돌아온 애쉴리 루테. 하지만 언니 카넬리언의 명령으로 로지나 아카데미에 복학하게 된다. 최대한 평범하고 조용하게 아카데미 생활을 마무리하려 하지만, 그녀는 이미 유일무이한 복학생으로 유명해져있었다. 게다가 제 2황자 루크와 공작가 영애 벨로크가 애쉴리에게 접근하면서 새내기들의 이목은 더욱 더 집중되는데... 전설의 화석 애쉴리는 풋풋한 새내기들 사이에서 무사히 졸업 할 수 있을까?",9.832,네이버 웹툰
424,다시 또 봄,이힝,일,"스토리, 감성","미움받는 게 싫어서 거절을 잘 못하는 소심한 봄이는 할머니에게 고민을 털어놓으며 스트레스를 풀곤 한다. 그러던 어느날 며칠간 여행을 떠난 할머니는 정신을 차려보니 손녀 봄이의 몸으로 깨어나고 마는데... 말투도, 행동도 전과는 180도 달라진 씩씩한 할머니는 손녀인 봄이 대신에 학교에서 무사히 적응할 수 있을까? 참치와 돌고래 , 같은 도장 이힝 작가의 신작!",9.823,네이버 웹툰
425,결혼까지 망상했어!,문주,일,"스토리, 로맨스",내게는 짝남도 강제 남사친일 뿐 10대 안에 한 번이라도 연애를 해보는 게 소원이지만 호감 상대와 결혼까지 망상하면 절대 성사되지 않는다는 징크스를 지닌 소망. 연애의 연 자도 허용되지 않던 그녀의 현실에도 볕 들 날이 오긴 하는데... 이게 과연 썸이 맞긴 할까? 망상 소녀 소망의 유쾌 발랄 로맨스.,9.973,네이버 웹툰
426,짝사랑의 유서,군밤,일,"스토리, 로맨스","민결은 단골카페 사장님의 동생인 태은을 1년동안 짝사랑 하던 중, 태은에게서 편지 하나를 전해달라는 부탁을 받는다. 알고 보니 그 편지는 유서. 작년에 친구의 죽음을 겪은 민결은 고민 끝에 도움이 되길 바라는 마음으로 태은에게 들이대기로 결심하는데..",9.95,네이버 웹툰
427,잉여특공대,물꾹 / 찰떡,일,"스토리, 판타지",뽀짝이 특공대원들의 슈퍼히어로맨스!,9.724,네이버 웹툰
428,사람은 고쳐 쓰는 게 아니야!,염라 / 구일하,일,"스토리, 판타지","나는 신이 제일 먼저 만든 인간이었다. 나는 사랑받는 게 당연해서 타인에게 한번도 사랑을 베풀지 않았다. 어느 날, 신이 노하여 내 앞에 나타났고 내게 문제를 내었다. 나는 그 문제의 답을 찾을 때까지 마음대로 죽지 못한다. 이번에 환생하면 답을 꼭 찾겠어. 그런데... 뺘아아! 아기 황녀의 몸으로 환생?! 망했다!",9.951,네이버 웹툰
429,황제에게 하트를 심어주세요,"6S / 코코넛베리,율림니",일,"스토리, 로맨스","새벽에 소설을 읽고 잠들었던 여주인공은 눈을 떠보니 소설의 남주인공, 황태자의 어머니인 황후 샬리오니의 몸속에 들어온 것을 알게 된다. 그러나 샬리오니는 황제에게 끌려와 황태자를 낳고 황폐해진 정신을 이겨내지 못해 생을 마감한 비운의 인물! 소설과 같은 운명을 받아들일 수 없기에 여주인공은 자신의 운명을 바꾸고자 마음 먹는다. 하지만 아니나 다를까 소설의 내용처럼 황제는 여주인공에게 반해버리고 마는데... 애증의 관계로 시작된 두 사람 사이에서 사랑은 이뤄질 수 있을까?",9.452,네이버 웹툰
430,데빌샷,CTK,일,"스토리, 판타지","죽음을 마주한 순간, 지하세계의 왕과 계약했다.",9.981,네이버 웹툰
431,굿 리스너,쥬드프라이데이,일,"옴니버스, 드라마","사무실을 공짜로 빌려쓰게 된 만화가 쥬드씨. 그 사무실은 원래 고민상담소로 쓰이던 곳이라 아주 가끔씩이긴 하지만 상담을 원하는 사람이 찾아오는데, 그냥 잘 들어주기만 하면 된단다. 이사를 한 바로 그날 밤, 손님이 찾아왔다. 이야기를 듣는 동안 쥬드씨는 이야기를 그림으로 그리기 시작하고, 다음날 그림을 전달하기 위해 방문한 쥬드씨는 놀라운 사실을 알게 된다.",9.972,네이버 웹툰
432,독신마법사 기숙아파트,기르답 / 재윤,일,"스토리, 로맨스",외교부 문관이 되어 상경한 평범한 아가씨 랑세는 어쩔 수 없는 사정으로 독신 마법사 기숙 아파트에 살게 된다. 사고뭉치지만 순수하고 선한 마법사들과정이 넘치는 공무원 랑세의 시끌벅적한 하루하루!,9.927,네이버 웹툰
433,조선여우스캔들,"문종호, 차소희 / 정후",일,"스토리, 로맨스","우리가 아는 전래동화는 사실 하늘에서 도망친 신수들이 벌인 범죄극이다! 하늘에서 어사로 파견된 여우 시호. 조선 최고의 기생이자 사기꾼 초란. 재주도 많고 사연도 많은 이들이 도깨비들의 수장 담과 함께 인간들을 괴롭히는 악한 신수들을 쫓아, 전래동화 속 이야기를 유쾌하게 뒤집고, 하늘마저 눈물을 흘릴 애틋한 사랑도 함께 시작한다. 바로 지금!",9.955,네이버 웹툰
434,가짜인간,0환이 / 반얀,일,"스토리, 스릴러","폭력을 일삼던 엄마의 손에서 벗어나 동생 수아와 단둘이 살게 된 지아는 무슨 일이 있어도 동생을 행복하게 해주기 위해 늘 고군분투한다. 그러던 어느 날, 여느 때와 다름없이 아르바이트를 하던 지아는 수련회에 간 수아의 번호로 이상한 문자를 받게 된다. 수련회장이 아닌 낯선 곳에 왔다는 수아, 수아는 앞으로 행복한 삶을 살게 될 것 이라 말하는 정체불명의 누군가. 그날의 문자를 끝으로 수아는 돌아오지 않고, 주변 사람들은 모두 무심하거나 수상하다. 언제까지고 다른 이들의 도움을 기다릴 수는 없는 상황. 동생을 되찾는 방법은 지아, 자신이 스스로 나서는 것 하나뿐이다. 고등학교 친구 원승을 데리고 험난한 여정을 떠나는 그녀는 수아의 실종 뒤에 드리운 기묘한 사이비 종교의 소용돌이를 파고들어야 한다.",9.383,네이버 웹툰
435,"라커, 오프너",만취 / 바른꽃,일,"스토리, 판타지","무엇이든 여는 능력을 가진 김도빈 형사 앞에, 무엇이든 잠가버리는 범죄자 라커 가 나타난다. 중요한 진실, 하나뿐인 관계, 천재적인 재능이 속수무책으로 잠겨버리는 사건들 앞에 라커 를 잡기 위한 오프너 의 분투...!",9.939,네이버 웹툰
436,소녀 해미,이현우,일,"스토리, 스릴러",난 당신을 지옥으로 보낼거야 복수를 꿈꾸는 소녀 해미. 그녀는 천재적인 머리를 활용하여 재벌가 손녀딸로 신분 세탁을 하는데...,9.903,네이버 웹툰
437,위험한 신입사원,박수정 / Jiya,일,"스토리, 로맨스",신입사원만 기다려온 입사 3년 차 그녀 정유림 그런데 왜 하필 회장님의 친손자가 신입 막내라니?! 신입사원 연하남과 위험천만 비밀 연애가 시작된다.,9.84,네이버 웹툰
438,오늘 밤만 재워줘,해번 / 유나나,일,"스토리, 로맨스","28살 모태솔로 감규리, 드디어 남자에게 고백 을 받았는데... 술에 취해 기억이 나지 않는다?!",9.722,네이버 웹툰
439,호수의 인어,박새,일,"스토리, 로맨스","수영선수를 꿈꾸는 담영은 대회를 앞두고 희소병이 재발한다. 하지만 담영은 대회를 포기하지 못하고 학교에서 도둑 수영으로 훈련을 이어간다. 그러던 어느 날 전학생 해수에게 도둑 수영을 들키게 되고, 담영은 해수의 비밀을 알게 된다. 이후 담영과 해수는 서로의 비밀을 이용해 은밀한 계약 관계를 맺는다.",9.973,네이버 웹툰
440,제타,하지,일,"스토리, 스릴러",극심한 슬럼프에 안드로이드 제타 의 그림을 표절해버린 금세기 최고의 천재 화가 최후람 . 그 사실을 숨기려는 최후람과 파헤치려는 제타의 피튀기는 4주 간의 미술제가 시작된다! 인간 이하의 인간과 인간 이상의 안드로이드가 보여주는 아이러니. 과연 최후의 승자는 누가 될 것인가?,9.76,네이버 웹툰
441,푸른불꽃,닺,일,"스토리, 드라마",유년시절 트라우마를 겪은 문가야 . 새롭게 전학 온 학교에서 완벽한 모범생이자 모두에게 사랑받는 여왕 차애리 를 만난다. 위험하면서도 아름다운 그녀에게 가야는 점점 빠져들게 되고 억눌러왔던 내면의 무언가가 깨어나기 시작한다. 이 지옥에서 우린 자유로워질 수 있을까?,9.84,네이버 웹툰
442,데이즈,양수,일,"스토리, 스릴러","대한민국 최고 재벌가의 첫째 아들이자 집안의 망나니 한지한 은 오늘도 거하게 취했다. 오랜만에 아버지의 부름을 받고 집으로 갔지만 그 곳에는 아버지와 동생의 시체, 홀로 살아 있는 막내 한지훈 만이 있었다. 어제까지 어리광 부리던 막내가 수많은 경찰들 앞에서 손가락을 들어 한지한 을 범인으로 지목하는데?!",8.705,네이버 웹툰
443,샤인 스타,김현,일,"스토리, 로맨스","전학생 선유별이 좋아하는 김샤인은 학교에서 유명한 달리기 스타. 잘생긴 얼굴에 뛰어난 운동신경! 내가 지금보다 조금 더 빨라지면, 그래서 김샤인을 앞지를 정도로 빨라진다면 나를 바라봐 줄까? 달리기보다 잿밥에 관심 많은 달리기 천재 선유별과 오로지 달리기밖에 모르는 달리기 바보 김샤인, 육상부 소년소녀들의 좌충우돌 청춘 성장 드라마.",9.951,네이버 웹툰
444,호시탐탐,박현정,일,"스토리, 로맨스","윗집엔 호랑이? 아랫집엔 곰! 그 녀석이 이사 온 후 이상한 일이 생긴다. 곰과 호랑이의 시대를 넘은 로맨스, 그 결말은?!",9.644,네이버 웹툰
