title,writer,illustrator,day,genre,story,platform,n_count
트리거,고경빈,고경빈,월,"스토리, 판타지","지구에 소행성이 떨어진 후, 지구는 인간을 먹이로 하는 괴생명체 아니스 에 의해 절멸 위기에 처한다. 청소년 모두가 입대해서 아니스에 맞서야 하는 시대. 1년 전 먼저 입대한 소꿉친구 니카와 어렵게 재회한 에반은 니카가 자신을 전혀 기억하지 못하는데다, 더이상 평범한 인간이 아니라는것을 알게 된다. 충격에 빠진 에반에게 정부에서 준 임무는 니카를 죽이라는 것이다. 그것도 매일, 인류를 위해..",네이버 웹툰,2
트리거,불만있냥,불만있냥,화,액션무협만화,"불량하기로 유명한 대명 고등학교에 입학한 평범한 고등학생 남지일. 입학 첫날부터 일진들의 타깃이 되어 전교생이 다 아는 빵셔틀이 되고 만다. 고질적인 심장병을 앓고 있던 약한 몸으로 일진들에게 폭행과 괴롭힘을 당하며 괴로운 나날을 반복하던 중, 뜻밖의 변화를 겪고 인생의 전환점을 맞이하게 되는데...",카카오페이지,2
성경의 역사,최경민,영모,금,"스토리, 드라마","모두에게 사랑 받기에 모두가 증오하는 그녀, 성경 . 원치않는 애정과 증오속에 성경의 대학 생활은 꼬여만 간다. 사랑해, 성경아.",네이버 웹툰,1
대작,범우,범우,완결,"스토리, 스릴러",천재 신인작가와 그를 쫓는 이들의 숨막히는 이야기,네이버 웹툰,2
대작,이종규,이종규,완결,정보없음,최고의 막걸리를 두고 펼쳐지는 신명나는 술 대결!,카카오웹툰,2
소곤소곤,옛사람,옛사람,완결,"옴니버스, 스릴러",당신의 귓가에 속삭일 기묘한 이야기,네이버 웹툰,2
소곤소곤,후지타니 요코,후지타니 요코,완결,드라마만화,"이 세상엔 34 소곤소곤 34 이 가득해 . 막연하고 무기력하게 고교생활을 보내던 코우지는 어느 날 나무그늘 아래서 강아지와 고양이에게 둘러싸여 잠든 소년 다이치를 발견한다. 코우지는 다이치가 물건 과 동물 의 목소리를 듣는 불가사의한 힘을 가졌다는 사실을 금세 알아차린다. 그 이유는 사실 코우지도, 지금은 잃어버렸지만 과거에 똑같은 힘을 가지고 있었기 때문인데 . 후지타니 요코가 그리는 순수하고도 신기한 이야기! 2012 2012 , . .",카카오페이지,2
악연,황준호,황준호,완결,"스토리, 스릴러",싸이코패스.연쇄살인범.그리고 마주치는 사람들.,네이버 웹툰,2
악연,최희선,최희선,완결,정보없음,"사채빚의 남자, 시체를 유기한 남자, 그리고 상처받은 여자. 그들은 악연이었다.",카카오웹툰,2
환골탈태,마고(mago),마고(mago),월,드라마만화,"부드러운 살가죽, 짧고 까칠한 털, 작고 조그만 발.... 이 해괴하고 귀여운 생물체는 대체 무엇?! 해골 스켈레톤 은 독립하면서 아기 고양이를 기르기로 한다. 드디어 이사 날에 인간계 대행 서비스를 이용해 받은 아기 고양이! 그런데 몸에 털도 별로 없고... 아기 고양이가 원래 이렇게 생겼었나? 인간계 대행 서비스 센터는 연결이 되지 않고, 졸지에 돌연변이 아기 고양이를 떠맡은 해골! 설상가상 아기 고양이의 울음소리에 옆집에서 항의가 쏟아지는데.... 아기 고양이... 키울 수 있을까?! 마계에서 벌어지는 해골과 악마 아담, 서큐버스 릴리의 좌충우돌 아기 고양이 육아 대작전이 시작합니다!",카카오페이지,1
독고3 [완전판],민(Meen),백승훈,월,소년만화,독고3 모든 일에 의욕을 잃고 표류하던 태진은 과거 당영고 씨름부 주장이었던 심상윤으로부터 영입 제안을 받게 되고 결국 현실과 타협하고 주먹의 세계에 몸을 담게 된다. 그리고 그 세계에 적응해나가면서 점차 나락으로 떨어짐을 느끼게 되는데... 독고 시리즈 중 가장 처절한 이야기가 펼쳐진다.,카카오페이지,1
그 책에 마음을 주지 마세요,문시현,임조조,월,로판만화,"로맨스 피폐 소설 루스벨라의 빛 엑스트라인 황제의 여덟 번째 황녀로 환생에 새로운 삶을 꿈꾸던 아실리 로제, 그런 그녀의 앞에 미래를 예지하는 일기장이 나타나는데 . 너에게 난 어떤 의미인가? 질문이 끝나자 황태자님이 예쁘게 웃더니, 날 죽였다. 피도 눈물도 없는 황태자에게 살해당할 미래만을 예고하는 일기장. 불행히도 아실리는 죽어도 죽어도 다시 살아나 계속 살해당했다. 반복되는 죽음 속에서 천천히 미소를 잃고 변해가는 아실리. 도무지 피할 길이 없는 죽음, 이 미래를 피해 생존할 수 있을까? 한데 어째서인지 메말라 갈수록 아실리 곁에는 사랑을 갈구하는 남자들이 모여드는데 . 제가 오라버니에게 무엇을 줄 수 있는데요? 이름을 불러 봐. 이 사랑은 모두가 진짜일까? 사랑합니다. 당신을 갖고 싶은 욕심은 사랑이 아닙니까? 다가오는 남자들의 진심은? 웃기지 마. 내 삶은 내 거야.",카카오페이지,1
롱리브더킹,버드나무숲,버드나무숲,월,드라마만화,"한 여인을 위해 불가능에 도전하는 남자가 있다. 의리와 사랑을 빼고는 아무것도 없다고 말하는 남자 장세출! 사랑하는 여인 강소현을 위해, 목숨보다 더 소중한 친구 정춘택을 위해, 목포 건달 장세출은 대통령이라는 꿈에 도전한다. 매주 월요일 연재",카카오페이지,1
천인의 신부,문솔,희명,월,로판만화,"나는 네 남편이 될 자다. 채나라의 적통 공주인 채연 은 어린 시절 황후인 어머니를 일찍 여의고, 황제에게 사랑받는 총비 고 귀비 에게 목숨을 위협당하며 궁에서 살아왔다. 자신, 그리고 사랑해 마지않는 동생 성종 의 운명을 바꾸기 위해 천인의 신부가 되기로 마음먹은 채연은 제천 의식을 올리고 사당으로 향한다. 하지만 고 귀비는 채연이 천인의 신부가 되어 새로운 권위를 얻는 것을 저지하고자 병사들을 보내 채연을 쫓는데 사당으로 향하던 채연이 고 귀비의 병사들에게 붙잡히려던 찰나, 날개를 단 남자가 나타나 채연을 구해준다. 네 남편이 될 자 라고 소개한 그 남자는 병사들을 따돌리고는 채연을 데리고 가버리고, 채연은 정신을 잃는다. 다음 날 채연이 눈을 뜬 곳은 낯선 침대였는데 ! 목숨을 바쳐서라도 운명을 바꾸려는 공주, 그리고 천 년 전 사랑하던 연인을 잃고 외로이 살아가던 천인과의 3년간의 계약 혼인! 천인의 신부 문솔, 희명 학산문화사",카카오페이지,1
니니툰즈,니니즈,니니즈,"월, 화, 수, 목, 금",드라마만화,"베일에 쌓인 스노우타운. 지금까지 숨겨왔던 니니즈의 수줍은 귀여움이 공개된다. 코미디, 드라마, 우당탕탕 액션, 병맛까지! 다섯개의 챕터로 찾아올 니니툰즈! 과연 다음 챕터의 주인공은 누구?! 까면 깔수록 매력적인 니니즈를 니니툰즈에서 만나보자!",카카오페이지,1
강호표사,OZi,OZi,월,액션무협만화,"가난한 시골마을, 부모의 얼굴도 모른 채 가난한 삶을 이어가던 이름 없는 소년이 있었다. 힘과 권력에 취한 무림인들의 분쟁은 소년의 마을까지 싸움터로 만들어 버렸고, 불타버린 마을에서 홀로 죽어가던 소년은 의문의 노 고수에게 목숨을 구원받는다. 일찍이 타락한 무림에 환멸을 느껴 강호를 등진 노 고수는 소년에게 자신의 진원 진기를 물려주고, 그 대가로 자신을 도와 허름한 표국 39 협도 표국 39 의 표사로서 약자를 도울 것을 부탁한다. 수년의 시간이 흘러 장성한 소년은 천하에 그 연고가 없다 하여 39 무영 39 이란 이름을 얻고, 협도 표국의 표사로서 성장한다. 하지만, 대가를 바라지 않고 고통받는 백성들을 위한 표행만을 고집하는 사부와 달리 무영의 관심은 그저 돈벌이와 안빈낙도의 삶뿐인데... 과연 무영은 사부의 바람대로 39 강호협객 39 으로 거듭날 수 있을 것인가? 속물근성 가득하고 의협심과는 담쌓은 표사 39 무영 39 의 강호 표행기!",카카오페이지,1
연습생 고영신,정현수,정현수,월,로맨스만화,"34 내가 너, 예전에 좋아했었다? 34 아이돌 연습생 39 고영신 39 앞에 비주얼 실력 천재 연습생이 나타났다! 그런데 그는 다름 아닌 초딩 때 건방진 뚱보, 39 남도영 39 ?! 아르바이트 하랴, 밤낮으로 연습하랴 몸이 두 개여도 모자란 영신의 팍팍한 일상 속에 자꾸만 스며드는 도영. 하지만 영신은 데뷔를 위해선 그 무엇에도 흔들리지 않겠다고 결심하는데...! 파란만장 아이돌 지망생의 고군분투기 연습생 고영신",카카오페이지,1
아싸가 알아버렸다,곰브,곰브,월,소년만화,"음침한 성격에 학교를 싫어하며 어떠한 사정으로 알바만 하는 아싸 39 박두봉 39 그런 두봉과는 반대로 성적 우수, 품행 단정에 친화력 높은 성격으로 반에서 가장 신뢰받는 인싸 의문의 전학생 39 한윤정 39 아싸와 인싸, 물과 기름처럼 극과 극으로 다른 둘의 좌충우돌 학교생활기!",카카오페이지,1
서천화원,마하로,곡,월,로판만화,자신의 운명을 스스로 개척하기 위해 궁을 벗어난 공주님의 좌충우돌 모험 로맨스,카카오페이지,1
승리호,홍작가,홍작가,월,드라마만화,"2092년, 황폐화 된 지구 거대 다국적 기업 는 지구와 유사한 환경의 스페이스콜로니를 건설하고 소수의 선택받은 사람들에게만 시민권을 부여한다. 시간이 흐를 수록 지구는 몰락해가고 급기야 스페이스콜로니의 거대한 쓰레기장으로 변한다. 자치 경찰 최고의 에이스였지만 민간인 사살을 거부하고 퇴출된 태호 전직 조폭 박씨, 최고의 밀수꾼이자 우주선 튜닝의 달인 장선장, 전투형 안드로이드 업동이 이렇게 4명은 우연한 기회에 만나 우주 청소부로 살아가는데...",카카오페이지,1
나빌레라,Hun,지민,화,드라마만화,"나이 일흔에 도전을 시작했다. 스물셋, 방황이 시작됐다. 어린 시절 아버지를 따라간 러시아에서 발레를 처음 접한 덕출은 힘겨운 삶이었지만 화목한 가정을 이루어 꿋꿋이 살아가고 있다. 하지만 60년간 가슴에만 품고 살던 발레에 대한 동경과 미련은 커져 가고 남은 생애 꼭 한 번 해보고 싶은 커다란 소망으로 결정하게 된다. 가족, 사람들의 시선을 이겨내고 덕출이 어렵사리 찾아 도움을 구한 곳은 몇 없는 소규모 발레단 39 문경국 발레단 39 . 이 곳에서 덕출은 어쩌면 자기 자신 또는 장성한 자식들의 모습과 너무 닮은 방황하는 24살 청년 채록을 만나게 되고, 채록과 함께 새로운 도전을 시작한다.",카카오페이지,1
우리집이거든요!,공룡,공룡,화,로맨스만화,"힘든 형편으로 모델의 꿈을 접고 어려서부터 온갖 알바를 해야만 했던 은우. 아버지 빚과 어머니의 병원비, 보증금을 들고 튄 언니까지.. 절망의 끝에서, 돌아가신 할아버지의 커다란 게스트하우스를 상속받게 된다. 희망과 행복이 뒤섞인 달짝지근한 상상을 만끽하며, 상속받으러 찾아간 게스트하우스. 뭔가 심상치 않다! 이게 게스트하우스야 동물원이야!? 강아지와 고양이, 정체를 알 수 없는 새 심지어 고라니까지! 각양각색 동물들을 피해 간신히 정글 같은 마당을 지나 입구로 들어간 은우는, 이곳에 뜻밖의 거주자들이 있다는 사실을 알게 된다. 문제는.. 딱 봐도 얘네들이 말귀를 알아먹고 호락호락 나가줄 정상인 같지는 않다는 것! 부자 여자들과 놀아나는 겉멋 한가득 뺀질하게 생긴 날라리. 화장을 진하게 해서 성별이 모호한 꼬마. 시대 지난 힙합 스타일에 눈 마주치면 바로 욕할 것 같은 여고생. 그리고... 정원 동물들의 주인으로 추정되는... 따듯한 미소를 지닌 남자. 은우는 자신들의 집이라고 우기는 정체불명의 점거인들을 내보내고 무사히 게스트하우스 썬시티를 상속받을 수 있을까?",카카오페이지,1
악한 기사,글가애,김랄라,화,로판만화,"니제르 디에스. 공작가의 장녀로 태어나 오직 왕비가 되기 위한 교육만을 받고 자랐다. 뛰어난 검술 실력을 지녔지만 검을 쥐는 것은 허락되지 않았다. 그럼에도 행복했다. 몬트 왕국의 왕비가 되어 사랑하는 왕과 맺어질 수 있었기에. 하지만 행복은 오래가지 않았다. 왕은 그녀를 배신하고 참수형을 내리고 만다. 숨이 끊어진 후 니제르가 다시 눈을 뜬 곳은 성곽 밖 마녀 사냥터였다! 사람들은 그녀를 마녀라 부르며 죽이려 한다. 무슨 일이 벌어진 것인지 알 수 없었지만, 한 가지는 알 수 있었다. 이것은 하늘이 내려준 기회란 걸! 살아서, 반드시 살아남아서 당신 앞에 나타나 내가 느낀 절망과 고통을 똑같이 느끼게 해 주겠어! 왕을 향한 복수를 다짐하며, 필사적으로 도망쳐 니제르가 도착한 곳은 이웃 나라인 이그니스 제국이었다. 그리고 그곳에서 신비로운 하얀 늑대를 만나게 되는데 ! 늑대의 정체는 바로 이그니스 제국의 황제인 녹스였던 것! 첫눈에 니제르에게 반한 녹스는 정체를 숨긴 채 인간과 늑대를 넘나들며 그녀를 항상 곁에서 지켜준다. 한편, 이그니스 제국과 몬트 왕국의 전쟁이 머지않았음을 알게 된 니제르는 제국의 기사단에 입단하기로 하고 , 하지만 기사단엔 오직 남자들만 들어갈 수 있을 뿐인데! 니제르, 남장 기사가 되기로 다짐하다?! 우글우글 멋진 남정네들 사이에서 참 우정 ? 을 쌓아가는 그녀를 지켜보는 녹스의 조바심은 커져만 가고 ! 거기다 불쑥불쑥 등장하는 귀요미 동물들까지. 과연 니제르는 복수에 성공할 수 있을까? 대형견 순정남 황제와 악바리 기사의 로맨스",카카오페이지,1
아비무쌍,노경찬,이현석,화,액션무협만화,"하늘의 뜻을 아니, 그 누가 아비 에 견주리오! 고아로 떠돌다 운 좋게 스승을 만나 특급 해결사로 이름을 날리던 노가장. 사랑하는 여인을 만나 이름대로 가장 이 된다는 기쁨도 잠시, 하루아침에 핏덩이 세쌍둥이를 홀로 키워야 하는 신세가 되었다. 아비는 그 어떤 경우라도 제 새끼의 입에 먹을 걸 넣어 줘야 하는 존재인 법! 노가장은 위험천만한 낭인 생활을 때려치우고 천룡회 갑급 무사가 되어 자식새끼들 잘 먹이고 입히고자 한다. 하지만 억지로 나간 출장 임무는 목숨이 위험하기만 하고 그 사이 사방에선 그의 아이들을 눈독 들이기 시작하는데 기다려라, 내 새끼들아! 여기 아비가 간다! 아버지, 노가장의 좌충우돌 무협 액션 육아 일지! 원작소설 지천명아비무쌍",카카오페이지,1
이미테이션,박경란,박경란,수,로맨스만화,"34 나는 39 진짜 39 를 꿈꿉니다. 34 약육강식과도 같은 연예계. 그곳에서 탑 솔로 가수 라리마와 닮은 이미지로 반짝 인기를 끌었던 마하는 천우신조로 인기 방송 프로그램에 출연하는 기회를 얻게 된다. 어떻게든 대중들에게 눈도장을 찍기 위해 최선을 다하지만 결과는 탑 아이돌 그룹 샥스의 멤버를 다치게 만드는 걸로 끝이 나고 마는데 그저 열심히 했던 것뿐인데, 왜 이렇게 돼버린 걸까? 39 진짜 39 를 꿈꾸는 별들의 이야기. 이미테이션 많은 관심 부탁드립니다.",카카오페이지,1
칼집의 아이,김형민,양경일,수,소년만화,"난쟁이 할아버지와 낚시를 즐기고 세상을 떠돌며 나름 행복하게 살아가던 주인공 비라 . 어느 날 할아버지는 비라에게 북쪽 끝에 있는 숲으로 가서 자신을 기다리라는 말을 남긴 채 어디론가 다급히 사라진다. 평소 절대로 사람들의 인생에 끼어들지도, 호의를 받지도 말라던 할아버지의 가르침을 가슴에 담아둔 채, 비라는 곰 가족 보로 와 사람의 손길이 닿지 않는 깊은 숲속에서 꿋꿋하게 살아간다. 어느 날 계곡에서 낚시를 하던 비라는 북천마교에게 쫓겨 위기에 빠진 탄유 라고 불리는 청년과 마주치게 되고, 자신과는 다르게 자신의 목숨이 위태로운 상황에서도 비라를 챙기는 탄유의 모습에서 옛 할아버지의 모습을 보게 된다. 결국 비라는 사람들의 인생에 끼어들지 말라 는 할아버지의 가르침을 어기고 탄유를 위험 속에서 도와주고, 이 인연으로 두 사람은 친구이자 의형제가 된다. 하지만 탄유는 비라가 잠든 사이 북천마교의 교주를 만나 꼭 확인해야 할 일이 있다며, 다시 돌아오겠다는 말을 남기고 훌쩍 떠나는데 탄유가 향한 곳은 통곡의 폐허 라 불리는 위험지역. 잠에서 깬 비라는 보로에게 탄유의 위험한 상황을 듣게 되고, 망설임 끝에 숲에서 기다리라는 할아버지의 유언을 뒤로 한 채 탄유를 구하기 위해 숲속을 벗어나 세상 밖으로 나간다. 인간들의 전쟁과 무림의 혈투가 소용돌이치는 난세 속으로 몸을 던지는 비라의 모험담이 펼쳐진다! 아일랜드, 신암행어사의 양경일 작가 신작 웹툰 칼집의 아이 웹툰 칼집의 아이 는 매주 수요일, 6회 연재후 1회 휴재 연재됩니다.",카카오페이지,1
말하지 말까,마루,마루,수,로맨스만화,첫사랑에게선 라일락과 만다린의 달콤 쌉쌀한 향기가 났다. 첫사랑의 향기를 다시 찾고 싶은 한 마리 39 와 향기 나는 남자 길 은수 39 가 서로 필요로 하는 이야기.,카카오페이지,1
악녀의 탄생,TB,TB,수,로판만화,"아들이 아니란 이유로 모든 유산을 사촌에게 뺏겨버린 세실. 그런 그녀 앞에 세 명의 남자가 나타난다. 변방의 왕족으로 부와 권력을 가진 마르몽텔 공작, 영국에서 프랑스로 유학 온 젊고 잘생긴 로한 백작, 그리고 그녀의 영혼을 탐내는 악마 아즈라일까지. 상대의 욕망을 파악하는 능력을 가진 똑똑한 세실은 그녀의 필요의 따라 세 명의 남자들을 이용해 원하는 것을 얻어내기 시작한다. 그러다 어떤 계기로 세실은 전생의 기억을 되찾으면서 혼란에 휩싸이기 시작한다.",카카오페이지,1
CELL,강형규,강형규,수,액션무협만화,"세상은 계급이다. 모두가 그 사실은 감추려고 하고, 부정하려 하지만, 세상은 계급이다. 집안의 사업 실패와 그로 인한 부모의 죽음 탓에 바닥으로 추락한 고등학생. 모든 희망이 사라진 청춘에게 어느 날 초능력이 생겼다! 핸드폰 배터리 충전 말곤 쓸모도 없던 그 힘이, 딱 한 계단만, 한 계단만 더... 올라가고 싶은 그의 욕망을 충전하는 순간, 돌이킬 수 없는 소용돌이에 빨려든다!",카카오페이지,1
하나하나둘,고은,고은,수,로맨스만화,"34 언제나 날 찾아냈던 네가 이번에도 날 알아볼 수 있을까? 34 어느 날 25살 사회 초년생 란이에게 3명이 ? 동시에 찾아온다. 어릴 적 같이 살았지만 미국으로 갔던 쌍둥이 형제 둘. 그리고, 자신이 미래의 남편이라고 주장하는 유령 하나. 그 유령이 쌍둥이 형제 중 하나라고?! 미래에서 사고를 당해 과거로 튕겨오면서 기억을 잃어 자신이 쌍둥이 중 누구인지 모른다니?! 10년 후 미래에서 현재로 타임 슬립한 39 유령 39 이 된 남편과 만나면서 생기는 로맨스 판타지",카카오페이지,1
키스해주세요,한지혜,산다하,수,로맨스만화,"치료차원 ? 으로 키스를 해달라고?!! 엘오디 그룹의 말단 계약직 사원 지순애 33 . 계속되는 선배들의 만행에 회사를 그만두기로 결심하는데. 그런 그녀에게 한 남자가 뜻밖의 제안을 해온다. 단 3개월 간. 매일 아침. 비밀 키스 계약! 그는 다름 아닌, 엘오디 그룹의 엘리트이자 공공의 적! 강진국 38 사실 그는 키스 못하면 죽는 희귀병을 앓고 있는데. 키스는 반드시 사랑하는 사람과 해야 한다는 신념 때문에, 약에 의존하여 회사생활을 해오던 진국. 그를 싫어하는 사람들의 음모로 쫓겨날 위기에 처하고, 그런 진국의 눈에 들어온 순애. 치료 차원이니. 도와주세요. 저도 당신을 돕겠습니다. 진국의 제안에 순애는 흔들리기 시작하고. 과연 그녀는 진국을 진심으로 도우며, 험난한 직장에서 살아갈 수 있을까?",카카오페이지,1
콜로세움,민(Meen),한큰빛,수,액션무협만화,법으로는 처벌이 미약한 범죄자들을 납치해 그들만의 방식대로 처단하는 클럽 콜로세움. 어느 날 납치해 온 범죄자는 뭔가 다르다. 그는 탈출했으며 그 후 콜로세움의 숨통을 조이기 시작했다. 엄폐와 은폐를 아직도 즐기는 평범한 복학생 류지훈. 어느 날 범죄자로 지목되어 어딘가로 납치당한다. 하지만 그는 사실 1급 보안이 걸린 특수부대 출신이었다. 그는 자신을 납치한 어딘가를 탈출했으며 오히려 거기가 어떤 곳인지 역추적에 나서기 시작했다. 그리고 그곳이 어떤 곳인지 마침내 드러나는데....,카카오페이지,1
옆집남자,Sanyuan Studio,Sanyuan Studio,"수, 금",로맨스만화,"자신의 오해로 어떤 남자에게 성희롱범으로 몰린 여주인공, 알고보니 자신의 옆집에 살고 있는 외모, 능력뿐 아니라 요리실력까지 갖춘 완벽남이었던 것! 오해는 풀렸지만 지금과 같은 어색한 사이가 마음에 들지 않는 여주인공! 친해지기 위해 그 남자에게 들이대기 시작한다! 남자는 겉으로 표현은 안하지만 은근 그녀가 마음에 드는 듯 하지만 내색하진 않는다. 어느날 남주가 자신의 형과 같이 있는 모습을 본 여자 주인공은 그가 남자를 좋아한다는 오해를 하게 되는데....",카카오페이지,1
조국이 당신을 원한다,숭어,스박,"수, 목",드라마만화,"34 집 떠나 열차 타고 훈련소로 가는 길... 내겐 없을 줄 알았다. 34 올해는 헤어지길 기도하고 기도했지만 금술 좋은 견우직녀 헤어질 기미가 안 보인다. 결국 코 앞까지 다가온 오작교 대대 입대 날. 조까치 앞에 펼쳐진 조까튼 현실, 더 이상 견우직녀 발닦개로 살 수 없어! 사나이 가슴에 손을 얹고 맹세한다! 내 기필코 오작교를 없애고야 말테다! 견우와 직녀의 연애질을 위한 까치와 까마귀들의 지옥훈련 조국이 당신을 원한다",카카오페이지,1
노력의 卍(만),행자,행자,수,액션무협만화,"세상을 지배하는 천중궐, 최정상까지 노오력만으로 올라가는 여정",카카오페이지,1
샬롯에게는 다섯 명의 제자가 있다,용용,용용,목,로판만화,"세상을 구한 위대한 대마법사 샬롯 엘레노어 긴 시간이 흘러 다섯 명의 제자를 거느린 그녀는 어느 날 죽음을 직감하고 완벽한 죽음을 위하여 생애 마지막 마법을 시전하고 눈을 감는다. 하지만 이게 웬일? 다시 눈을 떠 보니 뜬금없이 어린아이가 되어버렸다! 34 ... 그렇기에 생각해 보았지. 마법은 스스로의 마음에서 시작되고 바라는 것을 이루어주지 않느냐. 그러니 내가 남긴 단 하나의 아쉬움이 나를 이런 모습으로 만든 것이 아닌지... 34 34 그러니까 그 아쉬움이 사랑이라고? 뭐, 연애 같은 거? 34 34 ..... 34 그녀를 돕는 오랜 친우 제프리와, 제자들을 뒤로하고 자신의 정체를 숨긴 채 새로운 제2의 인생을 살려는 샬롯. 그리고 그런 그녀를 쫓는 찰거머리 같은 다섯 제자들의 사건 사고들! ...샬롯은 과연 사랑을 찾을 수 있을까?",카카오페이지,1
시월드 게임 -please save my husband-,송백,송백,목,드라마만화,"완벽한 이상형인 남편. 로맨틱한 웨딩 데이. 꽉 찬 행복으로 가득한 신혼생활 이 펼쳐질 줄 알았는데 내 결혼의 장르가 로맨스가 아니라 판타지였어?!! 하하하하하하하!!! 결혼하니 별일이 다 생기네. 벗어날 수 없는 인생의 굴레 이 미친 결혼은 어떤 엔딩을 향해 질주하는가! 나의 남편 여운이를 지키기 위해, 그리고 잃어버린 나의 미래를 열기 위해, 지금부터 이 결혼과 시댁은 내가 지배한다! , 시월드 게임",카카오페이지,1
블랙윈터,정이나,정이나,목,로판만화,"조선 후기, 백송골이라는 시골 마을에 사는 13세 소녀 설해사. 친척과의 갈등으로 오래된 폐가를 우연히 들어가게 되고 그곳에서 수상한 한 남자, 유안을 만나게 된다. 그는 산 사람보다는 죽은 사람에 더 가까운 존재였다. 소중한 사람들을 잃고 외로운 유년 시절을 보내기를 10년, 잃어버린 줄 알았던 친구들이 돌아왔고 수상한 그 남자의 비밀을 알게 되었다. 그리고 모든 기억이 돌아왔을 때, 우리는 또다시 죄를 지어야만 했다. 해사와 유안은 이제 죄로 뒤덮인 차갑고 어두운 겨울을 벗어나, 따뜻하고 새하얀 겨울을 맞기를 소원한다.",카카오페이지,1
침묵의 정원,염라,얌,목,로판만화,나는 생전에 누군가의 아내이자 어머니로서 헌신하며 살았다. 사랑하지는 않았지만 존경했던 남편. 나와는 피 한 방울 섞이지 않았으나 사랑해마지않던 딸. 두 사람은 내 세계를 이루는 전부였다. 분명 그랬었는데. 난 그저 내 딸과 가정을 돌볼 여자가 필요했어. 연고 없는 너는 내게 장난감일 뿐이야. 두 사람이 죽고 나서야 나는 비로소 내 세계가 뒤틀렸다는 걸 알았다. 평생 남을 위해 살다가 두 번째로 주어진 삶. 이번 생은 나를 위해 쓰기로 했다. 그러니 이제는 너희 차례야.,카카오페이지,1
논현동 장사꾼,김영현,아론,목,드라마만화,"젊은 패기로 시작했던 장사를 4번이나 말아먹고 빚더미에 나앉게 된 27세 청년 39 성광수 39 . 이제 정말 끝인가 싶었는데, 마지막 기회가 찾아온다. 영동시장에서 39 장사의 신 39 으로 불리는 짬뽕집 사장님. 그 밑에서 한 수 배워보려 하는데 34 제자같은 거 안 키우니까 꺼지라고! 34 이 할머니 성격이 심상치 않다?! 하지만 절대 포기하지 않을거야! 과연 비법 짬뽕 레시피를 배워 이번만큼은 성공할 수 있을까? 장사 초보의 고군분투 자영업 생존기!",카카오페이지,1
트러블,NASTY CAT,여름비,목,소년만화,드넓은 세계 39 르도완 39 을 통치하고 있는 신은 어느날 르도완에 새로운 신법을 내린다. 바로 잉태를 금지 하는 것. 잉태를 금지당한 이들은 사랑하는 사람과 자식들을 위해 반란을 일으키지만 신과 신을 따르는 자들의 힘은 너무나 막강하다. 신은 신법 이후에 태어나는 아이들을 반역자의 아이라 칭하며 모두 죽이거나 신의 노예로 만들어 버린다. 그런 혼란스러운 세상에 신을 처단하려는 자들이 생겨나고 그들의 처절한 싸움이 시작된다.,카카오페이지,1
폭군황제의 첫사랑,김수오,치와,금,로판만화,"기억을 잃은 소녀 디아 . 놀스 남작가의 하녀로 괴로운 나날을 보내고 있던 중 잔혹한 성정으로 유명한 황제 카이르 의 황성으로 납치된다. 막상 디아 를 마주한 카이르 는 자신을 아느냐 라는 이상한 질문만을 던진다. 그 날 이후 디아 는 황성에서 황족과 같은 생활을 누리지만 보름달이 드리운 날, 무언가에 이끌려 성 밖으로 나가게 되고 그곳에서 누군가의 피로 범벅된 39 카이르 39 를 마주하게 되는데 .",카카오페이지,1
그림자 미녀,아흠,아흠,금,드라마만화,"학교에서는 왕따 애진으로, 인터넷에선 70만 팔로워를 가진 스타 지니의 아슬아슬한 이중생활이 시작된다.",카카오페이지,1
체벌교사,시노키오,홍솔민,금,액션무협만화,무너진 교권과 체계를 바로잡기 위해 39 천의고 39 에 발령받은 체벌 교사 39 최강인 39 에게 특별한 야간자율 학습을 받게 된 최약체 학생 39 반성의 39 의 짜릿한 역전극이 시작된다.,카카오페이지,1
지금은 연애를 쉽니다,유현숙,유현숙,금,로맨스만화,"39 갑자기 연애를 쉬자니 대체 무슨 소리야? 39 오랜 남자친구에게 연애를 쉬자는 제안을 받은 단희는 당황스럽지만, 이 참에 버킷리스트를 작성하여 못보던 친구도 만나고, 혼자 여행도 떠나보고, 혼밥과 혼술도 하며 솔플을 즐긴다. 우연히 만난 예전 짝사랑 태용을 만나 뜻하지 않은 인연을 쌓아나가며 그 동안 놓치고 있던 자신의 삶을 되돌아 보는 계기로 삼는다. 그러던 와중 남친인 정후는 또 다른 여자에게 한눈을 팔다가 마음대로 되지 않자 단희를 다시 찾는데.... 연애! 해도 랄, 안해도 랄인 이 연애를 통해 우리는 무얼 찾을 수 있을까?",카카오페이지,1
키몽의 호구로운 생활,키몽,키몽,금,드라마만화,"아재개그가 좋아지는 예쁜 나이 서른 살, 엉뚱하고 소심한 청년 키몽과 그 친구들이 겪은 호구같은 일상을 다룬 웹툰.",카카오페이지,1
유리의 벽,조호,조호,금,로판만화,"사랑스럽고 주변 사람을 챙기는 착한 아이, 릴리아나 펜스. 그것이 릴리가 지향하는 자신의 이미지였다. 자신의 호의 하나가 어떤 결과를 불러일으키는지는 상류층에 있는 그녀가 신경 쓸 것도, 쓸 이유도 없는 것 이었다. 그런 그녀에게도 꽃피는 사랑이 왔으니, 새로 들어온 평민 음악교사 에드워드 카터였다. 릴리의 마음은 에드의 주변을 겉돈다. 겉으로는 받아주는 듯 묘하게 차가운 그에게서 기이한 감정을 느낀다. 애정과 경멸 그 사이 어딘가 아슬아슬한 외줄 타기를 하는 나날, 릴리는 예상외로 이른 귀가를 한 아버지에게서 가문을 위한 결혼을 강요받는다. 에드가 붙잡아주길 바라는 한가닥 희망을 갖고 그에게 자신의 약혼 사실을 알리는데 .",카카오페이지,1
랑데부,Hun,지민,금,드라마만화,"코마에서 깨어나니 세상이 무너져있었다, 전쟁? 외계의 침략? 무엇인지 모르겠지만 난 그저 나를 망쳐놓은 놈들에게 복수를 해야겠다. 새로운 관찰체는 죽은 것과 다름없어 보인다. 살아난 후 생존이 아닌 복수를 준비하는 것이 매우 흥미롭다.",카카오페이지,1
구경하는 들러리양,윰윰,엘리아냥,토,로판만화,"깨어나보니 내가 가장 좋아하는 소설 속에 들어와 버렸다! 그런데 주인공도 악역도 아닌 눈물 나는 분량의 들러리 라고? 현실에 치여사는 스물 다섯 학원 강사 김혜정! 그런데 즐겨 읽던 소설 야수의 꽃 세계로 떨어져 소설 속 인물 라테 엑트리 가 된다. 그런데 기왕 들어오게 해 준거 소설 속 미남들과 썸 좀 타는 주인공이 되게 해주지. 여주인공을 괴롭히다 털릴 예정의 조연 라테 엑트리가 되어버리다니! 에휴 그러면 그렇지 내 팔자야. 그래, 기왕 이렇게 된 거 열심히 구경이나 하자! 어차피 소설 보는 재미로 살아왔던 인생! 소설이 눈앞에서 실현된다는데 어찌 마다하겠는가! 팝콘이나 먹으며 구경하지 뭐. 와작! 그런데 조연이었던 라테는 오히려 소설 속에서 자신의 존재감을 점점 내보이게 되는데 ? 소설 속의 들러리양의 파란만장한 구경기가 시작된다!",카카오페이지,1
샤먼,홍원표,홍원표,토,소년만화,39 주술 39 이 존재하는 세계. 세상을 구하려는 한 주술사 소년과 동료들의 이야기.,카카오페이지,2
샤먼,담풍,담풍,완결,액션무협만화,과학과 무속의 대결을 그린 미스터리 판타지. 신의 영역에 도전한 과학자와 신의 뜻을 쫓는 샤먼의 운명적인 싸움이 펼쳐진다.,카카오페이지,2
샤크,운(雲),김우섭,토,소년만화,상어는 부레가 없어서 잠깐이라도 움직임을 멈추면 물속에 가라앉아 죽어. 그래서 상어는 태어나서 죽을 때까지 끊임없이 움직이고 또 움직여야 해. 너도 마찬가지야. 살아남고 싶으면 끊임없이 움직여라. 그럼 최고의 사냥꾼이 될 거다. ...상어처럼.,카카오페이지,1
이뤄질 수 없는 마녀의 소망,해청,해청,토,로판만화,"나도 그때 죽었더라면 갑자기 일어난 대화재로 모든 것을 잃게 된 카이델. 가족도 집도 없이 어린 나이에 오롯이 혼자가 된 카이델은 결국 고아원 생활을 하게 되지만, 그곳에서도 집단 따돌림을 당하며 힘든 나날을 보낸다. 그러던 어느 날 대화재 사건의 흑막에 대해 알고 있는 백작부인이 찾아와 자신의 양자로 들어오라 하는데 나와 함께 그 불씨를 쫓아보지 않겠느냐? 범인의 단서는 오직 하얀 머리의 소녀라는 것뿐 카이델과 백작부인의 모든 것을 앗아간 하얀 머리의 소녀와 그를 쫓는 카이델, 그리고 밝혀지는 사건의 진실 그 진실이 내 전부를 또 다시 앗아간다면 나는 어떤 선택을 해야 할까?",카카오페이지,1
부기영화,급소가격,여빛,토,드라마만화,약쟁이들의 병맛 영화 리뷰!,카카오페이지,1
감방에서 남자주인공을 만났습니다,문시현,피티,토,로판만화,"책 속 감방에서 남자주인공을 만났다. 쟤가 19금 피폐 소설 남자주인공이란 건 알겠는데 . 왜 저래? 왕! 왕! 왕! 아르르르르. 정신만 짐승이 되는 저주에 걸렸다더니 . 그렇다고 저주에서 깨어난 모습은 어떠냐. 채, 채, 책임질 거 아니면 소, 손대지 말,아요! 그냥 남주랑 설렐 일은 없겠다 싶어 안심했다. 1년 뒤. 이, 이곳에서 벗어나는 날, 나 랑 만나주세요! 만나는 거야 어렵지 않겠다 싶어 알겠노라고 했지. 그렇게 내가 먼저 출소를 했는데 . 어서 와. 꽃처럼 사랑스러운 내 여동생. 출소하는 날 내게 다가오는 남자로 알았다. 내가 악당의 여동생이었다는 걸. 나 대신 다녀오느라 고생 많았지? 너만을 기다렸어. 젠장, 그것도 남주와 철천지원수인 악당의 소중한 여동생이라고?! 3년 뒤, 다시 만난 남주는 전혀 다른 얼굴로 웃었다. 안녕, 이아나. 지금부터 너를 납치할 거야.",카카오페이지,2
감방에서 남자주인공을 만났습니다,문시현,문시현,완결,정보없음,눈 떠보니 책 속의 감방이다?! 그런데 감옥에 갇힌 남자주인공이 내게 관심을 보인다. 멍멍이처럼 짖으면서. 왜죠?!,카카오웹툰,2
후궁공략,봉봉,봉봉,토,로판만화,"수능 100일 남은 여고생 이요나, 가상현실 게임 후궁공략 속 황귀비의 몸 속에 갇히다. 현실로 돌아가고 싶다면 황후가 되는 엔딩을 보는 것뿐이라고? 퀘스트를 깨는 것도 힘들어 죽겠는데, 수상한 미남자가 주변을 맴돌며 귀찮게 하고 궁중의 음모에 시달리기까지. 과연 황후 엔딩을 쟁취하고 현실로 돌아갈 수 있을까.",카카오페이지,1
랜딩,설구,설구,토,드라마만화,"어릴 적부터 나는 꿈을 묻는 사람들의 호기심이 싫었다. 누구나 외치던 대답이 내게는 한없이 어려웠으니까 그래서 꿈을 쫓기보단 첫사랑을 쫓았고, 어느새 나는 빌딩 속에서 숲을 찾는 어른이 되어있었다. 나만의 숲을 만들고픈 청춘들의 이야기 랜딩",카카오페이지,1
무명의 등불,이재,이재,토,드라마만화,"부패한 왕실과 오랑캐의 침략으로 울부짖던 조선, 여자아이 두 명이 임금과 역적의 운명을 같이 타고 태어난다. 혼란스러운 시대를 밝히는 등불이 될 것인가. 그 불에 타 재가 되는 나방이 될 것인가... 새로운 역사가 시작된다!",카카오페이지,1
이세계 전담반,손희준,택,토,액션무협만화,"평범한 고등학생인 마성은 어느 날부터 기이한 현상들이 일상에 일어나기 시작한다. 미소녀 엘프가 투명마법으로 방에 숨어 살고, 괴한이 나타나 좀비로 만들었다가 다시 부활마법으로 살아나고, 언제 걸린 지도 모를 저주에 걸렸다는데, 모든 공격과 마법을 흡수한 후 다시 되돌려 줄 수 있는 능력까지 생겼다. 그때 이세계 전담반이라는 녀석이 나타나 모든 걸 설명해 준다는데...",카카오페이지,1
순정 히포크라테스,골드키위새,골드키위새,토,로맨스만화,"의대생이 된다는 것, 의대생의 순정이란?",카카오페이지,1
너를 기다리는 날,복복,복복,토,로판만화,10년 전 99일간 실종되어 전국을 떠들썩하게 만든 주인공이었던 하윤은 실종 당시의 기억은 모두 잊어버린 채 산속에서 발견된다. 그 사건 이후 하윤은 부모의 지나친 과보호로 많은 제약을 받게 된다. 39 10년 전 무슨 일이 있었길래 아직도 그렇게 불안해하시는거야? 39 하윤은 부모의 과보호의 피로감을 느끼며 10년 전 잃어버린 기억을 찾기 위해 실종된 자신이 발견되었다던 장소로 향한다. 그곳에서 묘한 기시감을 느끼던 하윤은 갑자기 정체 모를 괴물에게 공격당하게 된다. 그 순간 화려한 외모의 푸른 머리의 소년이 나타나 하윤을 구해준다. 그 소년은 하윤을 보고선 울음을 터트리는데... 39 누군데 날 알고 있어? 39 소년과 하윤은 무슨 관계였을까?,카카오페이지,1
일진에게 찍혔을 때,망가,언정이,일,로맨스만화,"어느날 갑자기 시작된 중학교시절 남사친의 까톡테러에 시달리던 평범한 여고생 김연두, 까톡테러를 막기위해 남친짤로 프로필사진을 바꾸었는데... 알고 보니 그 사진이 우리 학교에서 제일 무서운 일진 지현호라고?! 알고 보면 츤데레 지현호, 뇌섹남 반장 서주호, 윗층에 사는 연하남 강아훈. 거기에 마이웨이 야구소년 최승현, 천진발랄한 정지성까지. 어쩌다 잘생긴 일진들에게 둘러쌓인 내 인생은 어떻게 되는걸까?! 원작 7 일진에게 찍혔을 때 투자 유니온투자파트너스",카카오페이지,1
언데드킹,윤준식,백지운,일,소년만화,"좀비 강시 16세기 동양의 작은 나라에서 일어났던 한 기괴한 현상, 400여년 후 다시 시작된 그 일은 전 세계를 움직이는 시체들의 세상으로 만들어 버린다. 살아남은 사람들은 움직이는 시체들과 맞서기 위해 사람이 조종할 수 있는 시체, 강시 를 만들어내고 어딘가에서 시작된 그 괴현상을 멈추기 위해 죽은 자들끼리의 전쟁을 시작한다. 질병처럼 확산되는 좀비와 인간의 필요에 의해서 만들어져 그 명령을 받드는 강시. 세상의 운명을 건, 인간 대 인간의 액션으로는 상상조차 할 수 없는 시체 대 시체의 살벌한 전쟁이 시작된다! 언데드 킹!!!",카카오페이지,1
트레이스 리마스터,네스티캣,네스티캣,일,소년만화,"어느날 갑자기 세상에 나타나 인간들을 공격하기 시작한 정체불명의 존재 트러블. 트러블이 나타난 후 인간들에게도 트러블에 맞서 싸울 수 있는 능력자들이 나타나기 시작했다. 트러블, 트레이스, 인간. 각자의 생존을 건 싸움이 시작된다.",카카오페이지,1
하렘생존기,오리발,오리발,일,드라마만화,"17세기 오스만 제국, 왕궁 하렘에 끌려온 기독교인 노예 나스챠와 아샤. 같은 날 왕궁에 팔린, 출신은 다르지만 똑같은 빨간 머리카락을 가진 두 소녀. 34 날 배신한 건 당신이에요. 34 34 너는 정말로 나를 미워했구나... 34 그녀들의 우정과 음모와 사랑, 그리고 욕망 이야기. 이 이야기는 역사적 사실을 모티브로 하였으나 실제 역사와는 다른 픽션입니다.",카카오페이지,1
씨방것들,오청,오청,일,드라마만화,"대한민국 최고의 관종 가족을 하나 뽑자면 바로 청담동 방씨 일가일 것이다. 돈 많고 잘났지만 천박한 이 가족은 관심 받기 위해서라면 어떤 막장 행동도 서슴지 않는다. 오죽하면 방씨를 거꾸로 한 씨방것들 이라는 조롱조의 멸칭으로 불리울 정도이다. 불행하게도 그 안에서 막내딸 방은해는 홀로 내성적으로 태어나버렸다. 게다가 워낙 막장인 가정환경에 시달린 탓에 병적일 정도로 평범함을 추구한다. 인생의 목표는 공기처럼 살기 . 그러나 도움이 안되는 가족들은 로도 모자라 그들의 일상을 다룬 리얼리티 프로그램 을 론칭하여 방송 진출을 꾀한다. 거부하지만 결국 촬영에 강제 참여하게 된 은해. 화가 난 은해가 리얼리티를 망치려고 하는 행동들이 의도치 않게 대중의 관심의 도마에 올라 버린다. 설상가상으로 게스트로 출연하는 핫한 배우 장휘민에게 첫사랑에 빠져 버리기까지 ! 점점 더 평범한 일상은 멀어져 가고 그 와중에 은해의 소꿉친구이자 소중한 멘토 남영원이 오랜 기간 자신을 짝사랑했다는 걸 알게 되어 그야말로 혼란의 연속이다. 목표하는 공기같은 삶과 처음 느껴보는 설렘, 그리고 자신을 이해해주는 유일한 존재. 어느 것을 지키고 어느 것을 포기해야 할까?",카카오페이지,1
남자친구를 조심해,이네,이네,완결,로맨스만화,"다인과 시현은 같은 반이지만 말 한 번 해보지 않은 어색한 사이. 어느 날, 자신이 미래에서 온 시현이라고 주장하는 낯선 남자가 나타나고 다인과 자신이 미래에서 사귀는 사이라고 주장한다. 다인은 낯선 남자의 말이 믿기지 않지만, 그의 예언이 하나둘 맞을 때마다 점차 신뢰하게 된다. 다인이 시현에게 관심을 보이자 반 아이들 사이에서는 둘이 썸 탄다는 소문이 돌고, 둘 사이에는 미묘한 기류가 감돈다 그러나 시현에게는 구분하기 힘들 정도로 똑같이 생긴 쌍둥이가 있다. 낯선 남자의 정체는 무엇일까...",카카오페이지,1
샴,Hun,Hun,완결,소년만화,"불의의 사고로 서로의 몸을 공유하게 된 비극적인 쌍둥이 형제, 그들의 운명은?",카카오페이지,1
내 일진이 이렇게 귀여울리가 없어,김수오,일,완결,로맨스만화,"학교 짱 일진, 날 악마처럼 괴롭히며 사고만 일으키던 그 놈. 욱한 마음에 살짝 저주했더니 어느 날 갑자기 차 사고로 죽었다. 약간의 죄책감을 갖고 지내던 어느 날. 잠을 자다가 악몽에 눈을 떠보니 내 눈앞에 도끼눈을 뜨고 있는 악마 일진!? 그런데 ..조그만 인형 크기다!? 34 야. 나 저주한거. 너 맞지? 34 저기... 그렇게 말해도 이미 하나도 안 무섭거든? 귀여워진 ? 일진과 반전을 노리는 소녀의 달콤 살벌한 판타지 로맨스.",카카오페이지,1
여혜,비나리,비나리,완결,드라마만화,"등불 하나 켜지 않는 방, 왕과 중전은 술잔을 기울인다. 조용하고 어두운 그 밤, 어떠한 전조도 없이 중전은 그 자리에서 왕을 살해하고 당당히 걸어 나온다. 그 어느 누구 하나 나서서 임금을 시해한 중전에게 책임을 묻지 못했으며, 그 어느 누구 하나 중전이 군왕의 자리에 앉는 것을 막지 못한다. 중전과 왕, 둘 사이엔 과연 무슨 일이 있었는가. 중전은 어떻게 말 많은 대신들의 입을 잠재울 힘을 얻었는가. 그리고, 중전이 왕을 시해하면서까지 왕이 되고자 한 이유는 무엇인가. 가려진 진실과 휘말린 애증 속 엇갈리기만 하는 이들의 가슴 시린 시대극 로맨스.",카카오페이지,1
용의주도 황비,자주,산맡,완결,로판만화,"최후의 용이었던 34 백룡 34 은 34 전사 34 의 손에 죽음을 맞이한다. 백룡은 자신을 죽인 34 전사 34 의 딸, 34 미르 34 로 빙의하게 되는데 엎친데 덮친 격으로, 저주를 풀기 위해 34 미르 34 를 황비로 맞이하려는 폭군 34 아자르 34 에게 잡혀가게된다?!",카카오페이지,1
이끼,윤태호,윤태호,완결,드라마만화,"나를 거부하는 고향 사람들의 시선, 그 이유는? 한국식 잔혹스릴러의 막이 올랐다!",카카오페이지,1
이태원 클라쓰,광진,광진,완결,드라마만화,"각자의 가치관이 어우러지는 이 곳, 39 이태원 39 . 이 거리를 살아가는 그들의 이야기 천애 고아, 중졸, 전과자. 끝없는 나락에서 호프집 프랜차이즈 대표를 꿈꾸는 박새로이. 이득이 없다면 소신과 패기는 고집과 객기가 될 뿐이라는 장가 회장 장대희의 말을 앞으로의 자신의 삶으로 반박하려 한다. 이태원의 이국적인 건물들, 다양한 인종, 맛있는 음식들, 멋, 자유로움. 이 거리에 반한 박새로이는 이곳에서 호프집을 차리자고 마음먹는다.",카카오페이지,1
과격자매단,바쉬,바쉬,완결,드라마만화,"개성 강한 자매들의 일상을 파헤친다! 무한 긍정킹 댕댕이파 언니 39 바쉬 39 와 쿨시크 애옹이파 동생 39 타토 39 가 벌이는 순도 100 해피 시스터즈 라이프! 같은 부모님 아래 태어나 자랐지만 너무나도 다른 자매라는 존재들. 평소 그들은 어떤 시간을 보낼까? 과격자매단은 자매들 사이에 일어날 수 있는 다양한 사건을 단편 에피소드 형태로 묶은 밝은 분위기의 일상툰입니다. 물론 자매들 이야기뿐만 아니라 자매가 사회생활을 하며 겪었던 재미난 일화와 청춘들에게 힘이 되고픈 작가 나름의 응원도 소량 담았습니다. 고구마 같은 일상에 사이다 한 컵 때려주고 싶을 때, 스트레스받는 일 없이 가볍게 웃고 싶을 때, 자매들의 이야기가 궁금한 외동, 형제, 남매 모두가 즐겁게 감상할 수 있는 유쾌한 과격자매단으로 놀러 오세요.",카카오페이지,1
PEAK,홍성수,임강혁,완결,드라마만화,이제껏 본적 없는 웰메이드 산악구조 액션!,카카오페이지,1
하나밖에 안 보여!,샌도,샌도,완결,로맨스만화,"정든 동네를 떠나 새로운 동네로 이사 가게 된 윤하나. 입학 예정이던 고등학교 대신 영솔 고등학교에 입학하게 된 하나는 그곳에서 새로운 출발을 기대한다. 그런데, 입학 첫날부터 겉돌기 시작한 데다가 무서운 인상의 남학생과 부딪히기까지 ! 이곳에서의 생활, 무사히 할 수 있을까 걱정했는데 내가 친구 100명 만들어줄게!! 안 좋은 소문과는 다른 모습을 보이는 창욱에게 마음을 연 하나는 말도 안 되는 약속을 해버린다. 햇살 같은 하나와 음침 미소년 창욱이의 친구 만들기 프로젝트!",카카오페이지,1
네 살 차이,마하로,이범,완결,로맨스만화,"여고 시절 절친이었던 엄마들의 철없는 약속 때문에 5살 때 갓난아기인 강과 결혼을 약속해야만 했던 이레. 부모님들의 반은 장난에 가까웠던 정혼 이야기가 이레가 11살이 될 때까지도 꾸준히 진행되었던 것은 결혼이 뭔지도 모르는 주제에 이레만 보면 색시라며 졸졸 따라다니던 꼬마 강 때문이다. 자신이 강과 결혼을 약속했다는 사실이 친구들에게 알려져 놀림감이 된 이레는 강에게 화를 내며 누가 너랑 결혼하냐, 너 같은 꼬맹이는 정말 싫다며 어린 강의 마음에 상처를 준다. 충격을 받은 강이 부모님의 해외 발령으로 한국을 떠나게 되면서 이레는 제대로 사과 한마디 하지 못한 채 강과 헤어지게 된다. 그로부터 10여 년의 시간이 흐르고 두 사람은 22살과 18살이 되어 재회하게 되는데... 궁합도 안 본다는 네 살 차이. 성격도 취향도 사고방식도 다른 우리는 서로에게 좋은 짝이 될 수 있을까?",카카오페이지,1
갱스쿨,taibogi,taibogi,목,정보없음,아버지의 자살로 일순간 모래성처럼 무너져 버린 가족들. 정신을 놓은 어머니와 맹인 학교를 다니는 여동생을 책임져야하는 가장이 되어 버렸다. 가족을 위해 부산 최고 깡패 학교 최강고 에 자신만의 갱을 만들기 위해 전학가는데... 차가운 세상을 향한 뜨거운 액션!,카카오웹툰,1
킹스메이커,하가,강지영,수,BL,"황제의 소유물에는 손 끝 하나 닿고 싶지 않아! 아버지에게 복수심을 품고 그의 모든 것을 증오하는 4황자 볼프강, 현실을 벗어날 수 있을 힘과 황제의 몰락을 원하는 신수혁. 다른 생각을 가지고 같은 꿈을 꾸는 두 사람 ! , ! 강지영, 공주는 잠 못 이루고 하가 작가가 선보이는 초대형 판타지!",레진코믹스,1
찬란한 액션 유치원,탐이부,김동찬,완결,액션무협만화,찬란하지만 결코 유치하지 않은 아이들의 우정과 평화의 유년 드라마 본격교육웹툰,카카오페이지,1
괴물아기,이상윤,이상윤,완결,드라마만화,이제 더 이상 괴물 39 아기 39 가 아니다! 34 내가 괴물이라.. 약속을 못 지켜서 날 버린거야? 34 더욱 강해진 호순이와 괴물이 되어가는 호. 서로를 그리워하는 둘... 그들의 잔인한 운명의 결말은?!,카카오페이지,1
우리 집에 왜 왔니,이윤희,이윤희,완결,로맨스만화,"바쁜 일상을 살아가는 회사원 서재희 앞에 나타난 낯설기만 한 그 녀석. 그 녀석은 어린시절 아빠의 해외출장지인 중국 항저우에서 함께 짧은 추억을 나누었던 소년 39 류연 39 이였다. 헤어질 때 버드나무가지를 꺾어 건네며 수줍은 마음을 고백했던 소년이 34 너라고?! 어렸을 때 모습 같은 건 어디에도 안 남아 있잖아!!! 34 류연이 한국으로 유학을 오게 되며 얼떨결에 함께 살게 된 두사람. 어린시절 기억과는 너무도 다른 모습으로 성장한 서로가 당황스럽고 낯설기만 한데 ? 34 이 집에서는 한 달 정도 머물 예정이다. 34 34 싫어어어어어 !!! 34 성격도, 문화도 다른 두 남녀의 동거동락 로맨틱 코미디 우리 집에 왜 왔니",카카오페이지,1
징크스의 연인,한지혜,구슬,완결,로맨스만화,재벌가가 숨겨둔 행운의 여신이 가난하고 재수 옴 붙은 내게로 왔다.,카카오페이지,1
같은 방에서,혹등고래,혹등고래,완결,BL/GL만화,"서민 체험할 좁은 방이 필요해요! 한 30평 정도? 재벌집 막내아들, 유하성. 그에게 떨어진 가문의 미션! 한 달간 집을 나가 검소하게 생활하는 이른바 서민 체험 . 높은 서울 물가에 허덕이는 서민, 이지호. 그에게 닥친 위기! 월세를 내려면 룸메이트 를 찾아라. 모태금수저 하성과 프로절약러 지호. 두 남자의 파란만장 동거 라이프 같은 방에서",카카오페이지,1
괜찮은 관계,김인정,김인정,완결,로맨스만화,"5년째 연애 중인 고지원. 남들 눈에는 안정적인 연애로 보이지만 사실 지원은 친구들에게 말 할 수 없는 고민거리를 안고 있다. 그것은 남자친구와의 시들해진 관계 . 애써 외면하며 관계를 지속해가는 지원의 앞에 고등학교 동창인 박한나가 나타난다. 고등학교 때와는 180도 달라진 화려한 연애 칼럼니스트의 모습으로. 흔들리는 우리의 관계, 지금 당신의 관계는 괜찮은가요?",카카오페이지,1
작약만가 : 불환곡,인토르노,인토르노,완결,로맨스만화,"선택받은 신분들만이 살아갈 수 있는 황궁 속에 우리는 도망치지 못한 채 영원히 갇혀버렸다. 인의란 무엇이고 선함이란 무엇인가. 죄업이란 무엇이고 짐승이란 누구인가. 황궁이라는 미명 하에 칼을 두른 자들, 탐욕과 공포 아래 나는 이 황궁에서 살아남을 수 있을까? 황족의 정치를 바탕으로 피어나는 황궁 생존 군상극.",카카오페이지,1
겨울과 봄사이,하래,하래,완결,로맨스만화,"색청 증상으로 인해 소리를 시각적으로 느끼는 하연. 모든 게 낯설고 어렵기만 한 그녀에게, 대비되는 색깔의 두 남자가 나타나는데..!",카카오페이지,1
헤븐즈 소울,하람,김영지,완결,소년만화,"괴생명체 크리쳐에 맞서는 소녀들의 이야기 일명 크리쳐 라 부르는괴물의 등장에 전세계는 혼란에 빠진다. 인간이 가진 문명은 크리쳐에게 통하지 않았고, 속수무책으로 당하는 상황이다. 특별한 힘을 사용하는 소녀들 이레나, 세나, 그레이스, 이수정. 그들은 크리쳐 국제 대책 기구를 만들어 팀을 이뤄 싸워나간다. 그리고 서울에서도 크리쳐가 등장할 때, 이레나는 새로운 사람과 만나게 되는데",카카오페이지,1
하필 너야?!,임자,임자,완결,드라마만화,"말도안돼! 내가 고양이가 되다니! 주인공 주는 자타공인 인기있는 여자. 하지만 실은 자신감 없는 성격을 숨기기 위한 발버둥에 얻어 걸린 인기였다. 주가 원하는 것은 오직 하나. 자신을 어릴 때 부터 지켜봐 주던 형과 맺어지는 것. 하지만 주를 아이로만 보는 형은 몇 번의 유혹에도 절대 넘어가지 않고.. 오늘도 데이트 중 바쁘다는 핑계로 먼저 가버린 형. 주는 친구 은과 함께 형을 안주삼아 새벽까지 음주가무를 즐기고, 다음날, 숙취에 쩔어 엄마 차의 운전대를 잡는데. 그건 불법이라구! 그때 전날 밤 자신이 형에게 보낸 구질구질한 고백 문자를 발견! 그리고 언제나처럼 철벽을 친 형의 문자를 확인한 주는 갑자기 화가 치밀이올라 풀악셀을 밟아버린다. 눈을 뜨자 복실복실한 털뭉치 사이에 오도카니 앉아 있는 자신을 발견한 주. 어이없게도 그녀는 아기 고양이가 되어 있었다! 꿈일까 생시일까 놀란 그녀의 머릿속에 방금 전의 상황이 떠오른다. 풀악셀로 쏜살같이 튀어 나간 주의 차 앞에 길고양이가 뛰어들고, 미처 피하지 못하고 중앙선 너머 전봇대를 받아버린 자신이. 그리고 그때 떠올랐다. 어릴 적 자신이 돌봐주던 길고양이 피피의 모습이.",카카오페이지,1
표류감옥,조원표,조원표,완결,소년만화,"강력 범죄자들의 탈옥을 막기 위해 태평양 한 가운데 아주 거대한 배를 띄워 만든 세계 교도소 880. 민수 는 그 어렵다던 취업의 문을 뚫고 세계 교도소 880으로 첫 출근을 하게 된다. 하지만, 출근한 첫 날 죄수들이 폭동을 일으키게 되고 순식간에 배를 장악하고 만다. 게다가 이름 모를 바이러스까지 퍼지면서 교도소를 제외한 육지에 있는 모든 인류는 종말을 맞이하게 된다. 죄수들은 첫 출근을 한 민수의 얼굴을 몰라 민수를 의심하면서도 동료로 받아들이게 되고, 민수는 자신의 목숨을 지키기 위해 죄수 행세를 시작한다. 하지만, 죄수들이 여러 집단으로 나뉘며 교도소에 다시 혼란이 찾아오고 민수는 살아남기 위해 고군분투 한다.",카카오페이지,1
겟 레디 위드 미,여은,여은,완결,로맨스만화,"뷰티 크리에이터를 제안하는 지욱과 크리에이터에는 관심이 1도 없는 그림의 메이크업 로맨스 뷰티 크리에이터가 필요한 코스메틱 브랜드 올비. 올비의 마케팅팀 팀장이자 후계자 ? 인 지욱의 눈에 띈 연예인 오 원의 메이크업. 그리고 비밀 남자친구인 오 원과 손님들에게 소소하게 메이크업 해주는 것이 삶의 낙인, 동네 메이크업샵 더그리다의 오너 그림. 그런 삶에 만족하며 큰 욕심이 없는 그림은 올비의 크리에이터 제안을 거절하고, 이를 들은 지욱은 곧장 더 그리다를 찾아가는데 남에게 무시받는 동안을 성숙한 느낌으로 바꾸어주는 메이크업, 콤플렉스인 피부를 좀더 돋보이게 해주는 선키스드 메이크업, 완벽함을 강요당해 온 능력녀에게 마음의 짐을 내려놓을 수 있는 파데 프리 메이크업 등 좀더 고급 스킬을 원하는 독자의 입맛에 맞춘 메이크업 방법과 화떡느낌 안나게 바르는 남자의 쿠션 파운데이션 사용법, 팥죽색 입술을 자연스럽게 커버하는 내츄럴 립 메이크업 등 여태까지는 없었던 남자 메이크업 등 지욱과 원에게 해주는 남자 메이크업과, 더그리다를 찾는 손님들에게 해주는 여러가지 메이크업 이야기!",카카오페이지,1
술,네스티캣,네스티캣,완결,액션무협만화,39 트레이스 39 네스티캣의 신작 술! 증오와 사랑 그리고 인간에 관한 새로운 판타지!,카카오페이지,1
나비는 세 번 변태한다,라다,컨트리리,완결,로맨스만화,"회사 동료의 남자친구와 키스를 하게 된 진나예, 다른 사람에겐 들리지 않는 나쁜 목소리가 들린다. 집에선 시집도 못간 한심한 딸, 직장에선 만만한 호구로 통해 고통스러운 매일을 살고 있는 나예. 생일날 맞선을 보라는 엄마에게 반항하려 평소에 잘 가지도 않던 술자리에 참여하고 거기서 회사 동료의 남자친구와 첫키스를 하게 된다. 그리고 그날 이후, 나예의 삶은 조금씩 바뀌게 되는데",카카오페이지,1
저녁 같이 드실래요?,박시인,박시인,완결,드라마만화,나에게도 꽃미남 밥 친구를! 음식에 얽힌 두 남녀의 비밀스런 연애 이야기,카카오페이지,1
스틸레인3 : 정상회담,양우석,제피가루,완결,액션무협만화,정상회담을 위해 한자리에 모인 남북미 3인의 국가 정상들. 예상치 못한 위기에 빠진다.,카카오페이지,1
승은이 망극하옵니다,참치캔,참치캔,완결,로맨스만화,"승은은 친구들과의 졸업 여행지로 향하다 사고를 당하고 만다. 아무리 두드려도 먹통이던 핸드폰. 친구 목록들이 사라지며 갑작스레 추가된 단 한 명만이 응답한다. 34 내가 도와줄게. 34 빛 속에서 뻗어 나온 손에 잡혀 빨려 들어간 곳은 이 세계, 동악. 손의 주인은 동악의 황제인 진청이다. 황제의 거울을 통해 넘어온 것. 집으로 돌아가기 위해선 황제의 후궁이 되어야 할 듯하다. 34 그런데 난 남잔데..? 남자가 후궁을 해? 34 괜찮아, 황제 폐하께서 여자니까.",카카오페이지,1
끼리끼리,이주현,이주현,완결,드라마만화,한 시도 조용할 날 없는 고등학생들의 웃음 가득 일상 이야기! 서로가 잘났다고 말하지만 결국 다 거기서 거기인 친구들 오지라퍼 도지환과 민폐왕 민태준 그리고 그 친구들의 빵! 터지는 에피소드가 여러분의 지친 일상에 활력소가 되어드립니다! 아직은 철 없고 모르는 게 많지만 아무렴 어때요? 우리끼리 재밌으면 됐지! 이제부터 금요일은 이걸로 정했다! 끼리끼리 레츠기릿!,카카오페이지,1
오늘도 꽐랄라라,아실,아실,완결,로맨스만화,"여기, 4명의 여자가 있다. 사랑에 상처 받아 마음을 닫은 라라는 일에만 몰두하며 살아가고 있고, 애 딸린 이혼녀로 낙인찍힌 채원은 세상 편견과 맞서 싸우며 아들을 지키는 데 열중한다. 고등학생 때 만난 남자친구와 12년째 연애 중인 유주는 그가 자리 잡을 때까지 묵묵히 기다리고 있고, 사랑보다 연애가 쉬운 미자는 거만함으로 똘똘 뭉쳐 타인에게 상처 주기 일쑤다. 나이만 같을 뿐 서로 다른 삶을 살고 있는 라라, 채원, 유주, 미자는 라라의 자취방에 모여 각자의 고민과 연애담을 나누는 것이 유일한 낙. 과연 이들이 꿈꾸는 사랑의 종착지는 어떤 모습일까? 오늘도 꽐랄라라 는 말술녀 4인방의 이야기를 통해 34 그럼에도 불구하고 우리는 사랑할 그리고 사랑받을 자격이 있다 34 라는 메시지를 전한다.",카카오페이지,1
꽃같은 인생,김인정,김인정,완결,로맨스만화,"끊임없이 연애하는 드라마 퀸 39 여주 39 연애에도 이성적인 리얼리스트 39 미소 39 하나의 사랑을 지키려는 4년 차 커플 39 호연, 완벽한 한 사람을 기다리는 23년 차 솔로 39 선 39 절친한 친구 사이인 넷은 졸업을 앞둔 대학 4학년. 새 학기 시작과 함께 네 친구들 앞에 복학생 진호 선배가 나타난다. 군대에 간 남자친구를 기다리는 여주는 선배만 보면 자꾸 마음이 흔들리는데 개성 강한 네 명의 친구들이 펼쳐내는 울고 웃고 사랑하는 캠퍼스 라이프. 당신의 연애는 어떤 모습인가요? 당신에게 연애는 무엇인가요?",카카오페이지,1
빌린 몸,박세계,박세계,완결,로맨스만화,"호영이가 저를 좋아하게 해주세요... 불행한 내 운명이 바뀌게 해주세요! 소꿉친구인 상유, 다림, 호영. 상유는 언제나 소심하고 어색하게 행동하여 친구가 없다. 고1 시절, 불미스러운 소문으로 소심했던 상유는 더욱 음침한 아이가 된다. 반면에 우등생에 운동도 잘하고 활발한 다림은 어릴 때부터 호영을 좋아했고, 고3이 된 후 용기 내어 호영에게 고백하지만 친구로 남자는 말로 보기 좋게 차였다. 소원을 이루어 준다는 분수대에서 우연히 만난 다림과 상유는 각자의 소원을 빈다. 누군가에게 소원을 이루어주겠다 라는 말을 듣고 다림과 상유는 정신을 잃는데 일어나 보니 둘의 몸이 감쪽같이 뒤바뀌었다 ??!! 다림은 상유 몸으로 활동하면서 보이지 않았던 상유의 매력을 뽐내면서 반 친구들의 관심을 독차지한다. 상유는 점차 호영에게 버금가는 인기남으로 등극한다. 그리고 음침, 소심의 아이콘이었던 상유는 다림이 몸으로 여리고 얌전한 모습을 보이는데, 호쾌한 성격 탓에 다림이에게 쉽게 다가가지 못했던 남자애들이 들러붙는다. 호영이 또한 과거와 달리 보호 본능을 자극하는 다림이를 친구가 아닌 여자로서 좋아하게 된다. 그러나 알맹이가 상유인 다림이의 모습은 호영이의 마음을 몰라주고, 고백까지 했던 다림이가 상유와 붙어 다니게 되자 호영은 점점 애가 탄다. 호영이를 원래 좋아했던 다림은 상유에게 호영이의 구애에 응하라고 등을 떠밀지만, 다림이를 좋아하는 상유는 갈등한다. 어쩔 수 없이 다림이 요구를 따르지만 본심이 아니기 때문에 호영이가 느끼기엔 애매한 희망 고문이 될 뿐이었다. 그리고 다림이가 상유와 계속 붙어 다니면서 호영에게 애매하게 구는 모습은 반 친구들이 보기에 두 남자를 어장 관리하는 걸로 보이게 되는데 다림이와 상유가 빌었던 소원은 어떻게 이루어질까? 과연 세 명의 엉켜 버린 실타래가 풀어지고, 서로에게 솔직한 연애를 시작할 수 있을까? 열아홉 살, 순수하고 풋풋했던 10대 마지막 순간의 알콩달콩 사랑 이야기를 시작합니다 !",카카오페이지,1
메모리스트,재후,재후,완결,드라마만화,기억을 읽는 초능력 형사 39 동백 39 . 미스터리한 연쇄 살인사건을 맞닥뜨리다!,카카오페이지,1
고교호구왕,김구일,슥수,완결,액션무협만화,"살아있는 악마라 불리는 일진, 경태의 셔틀 선한결! 중학교 3년 내내 한결이라는 이름 대신 왕호구로 불리며 경태와 일진들의 밥으로 살았다. 이 악물고 3년의 시간을 버텨낸 한결은 경태와 다른 고등학교로 진학하게 되면서 셔틀 생활을 청산하고 새로운 삶을 꿈꾸는데.. 하지만 일진은 어디에나 있었다! 새로운 일진, 수철의 셔틀을 간신히 면한 한결은 그의 밥이 된 같은 반 친구 진서를 외면하며 죄책감을 느끼고... 검도 호면을 쓴 채 수철앞에 나서게 되는데! 34 그만해 새끼야! 34 그 순간 호면에 잠들어있던 검도왕의 영혼이 깨어나고..! 힘을 빌려주는 대가로 한결에게 검도왕이 되자고 제안하는데.. 34 소년! 나와 함께 검도왕이 되자! 34 과연 한결은 꿈꾸던 평범한 삶을 살 수 있을까? 깨어난 검도왕 한성은 한결을 검도왕으로 만들 수 있을까?",카카오페이지,1
배고픈 자들의 도시,유칼립,휘,완결,액션무협만화,"오랜 잠에서 깬 뱀파이어 제롬 이 맞이한 것은 좀비로 가득한 도시였다. 더이상 자신이 먹을 신선한 피를 가진 인간이 없다는 사실을 깨닫고 좌절하려던 그 때 발견한 생존자 미나 . 미나는 제롬에게 신선한 피를 담보로 자신을 안전지대까지 데려다 줄 것을 약속으로 받아낸다. 안전지대로 향하는 둘. 그들 앞에 나타난 의식을 가진 좀비 조지 . 조지는 자신의 몸에 항체가 존재할지도 모른다는 생각에 안전지대로 가서 백신을 개발하고자 한다. 그렇게 미나와 제롬, 조지는 서로 다른 입장과 목표를 가진 위험한 생존기를 시작한다.",카카오페이지,1
헬로 마이 안드로이드,고선영,고선영,완결,드라마만화,"2055년, 대한민국. 사이다 라는 이름의 10대 소녀에게 미래에서 온 아들이라고 주장하는 콜라 가 나타났다! 어디로 튈지 모르는 콜라의 엉뚱한 도움을 받아가며 사이다는 점차 우정과 사랑을 배워가는데...? 갑작스럽게 시작되는 좌충우돌 로맨스",카카오페이지,1
머리 위로 부는 바람,이이영,이이영,완결,로맨스만화,"34 스무살 봄이 오기도 전, 그리고 2년 후 너를 다시 만났을 때 34 괜찮은 외모, 적당한 성격에 걱정 없는 순탄한 생활을 하던 배연재는 대학교 신입생 에서 차은지를 만난다. 배연재는 차은지에게 뭔지 모를 감정을 느끼지만 차은지는 그날 이후 사라진다. 대학생 때 원 없이 놀자는 주의인 배연재는 방탕한 대학 생활을 보내던 중 로부터 2년 후, 차은지가 학교에 돌아왔다.",카카오페이지,1
해치지않아,Hun,Hun,완결,드라마만화,"경영난에 폐장하는 동물원을 포기 할 수 없는 주인공 철수는 동물원을 살리기 위해 동물 탈을 만들어 쓰고 동물로 위장해 운영하려는 미친 계획을 세운다. 그에 필요한 각 분야의 전문가와, 적합한 직원들을 고용했지만 다들 어딘가 한군데쯤 문제있는 사람들이었다. 동물이 되어 동물원 살리기! 이 미친 프로젝트의 동참한 이들에게 일어나는 해프닝들은 때론 황당하게 때론 인간적인 사건 사고들로 가득하다.",카카오페이지,1
당신은 나의 신,재해,재해,목,드라마,"소박하게 로또 일등을 꿈꾸는 게임회사 직원 마리아의 앞에 어느 날 바라는 대로 소원 ? 이 이루어지는 황당무계한 사건이 펼쳐진다! 주님, 아무 때나 소원을 들어주지 말고, 로또 일등 되게 해달라고요 !",레진코믹스,1
체이서,하준성,하준성,완결,액션무협만화,기억을 잃어버린 네드일행과 그를 쫓는 체이서들간의 코믹액션모험활극!,카카오페이지,1
아버지의 복수는 끝이 없어라,강태진,강태진,수,정보없음,"30년 간 묵혀있던 비극이 복수로 깨어났다 . 도훈은 치매에 걸린 할머니 소식을 듣고 내려간 시골집에서 30년 간 지하창고에 감금되어 있던 아버지 영춘 을 발견한다. 영춘에게 잘 보여 할머니 집을 물려 받으려하는 도훈. 하지만 영춘은 오히려 도훈의 가족에게 해코지를 하려는데. 아버지는 왜 할머니에 의해 30년 동안이나 감금되었을까? 30년 전 이 마을에는 무슨 일이 있었던 것일까? 베일에 싸인 끔찍했던 사건들과 하나 둘 씩 밝혀지기 시작하는 비극의 실체, 그리고 그 일에 얽힌 사람들의 원한과 복수가 시작된다!",카카오웹툰,1
